<?xml version="1.0" encoding="UTF-8"?>

<SGL-BMF version="1.00">
  <Name>Arial</Name>
  <Size>12</Size>
  <Italic>0</Italic>
  <Bold>0</Bold>
  <Block code="0" x="1" y="1" w="4" h="18" xo="5"/>
  <yoffs>18</yoffs>
  <Ranges>3</Ranges>
  <Range first="32" last="128"/>
  <Char code="32" x="5" y="1" w="4" h="18" xoffs="5"/>
  <Char code="33" x="9" y="1" w="5" h="18" xoffs="6"/>
  <Char code="34" x="14" y="1" w="6" h="18" xoffs="7"/>
  <Char code="35" x="20" y="1" w="9" h="18" xoffs="10"/>
  <Char code="36" x="29" y="1" w="9" h="18" xoffs="10"/>
  <Char code="37" x="38" y="1" w="14" h="18" xoffs="15"/>
  <Char code="38" x="52" y="1" w="11" h="18" xoffs="12"/>
  <Char code="39" x="63" y="1" w="3" h="18" xoffs="4"/>
  <Char code="40" x="66" y="1" w="5" h="18" xoffs="6"/>
  <Char code="41" x="71" y="1" w="5" h="18" xoffs="6"/>
  <Char code="42" x="76" y="1" w="6" h="18" xoffs="7"/>
  <Char code="43" x="82" y="1" w="9" h="18" xoffs="10"/>
  <Char code="44" x="91" y="1" w="4" h="18" xoffs="5"/>
  <Char code="45" x="95" y="1" w="5" h="18" xoffs="6"/>
  <Char code="46" x="100" y="1" w="4" h="18" xoffs="5"/>
  <Char code="47" x="104" y="1" w="4" h="18" xoffs="5"/>
  <Char code="48" x="108" y="1" w="9" h="18" xoffs="10"/>
  <Char code="49" x="117" y="1" w="9" h="18" xoffs="10"/>
  <Char code="50" x="126" y="1" w="9" h="18" xoffs="10"/>
  <Char code="51" x="135" y="1" w="9" h="18" xoffs="10"/>
  <Char code="52" x="144" y="1" w="9" h="18" xoffs="10"/>
  <Char code="53" x="153" y="1" w="9" h="18" xoffs="10"/>
  <Char code="54" x="162" y="1" w="9" h="18" xoffs="10"/>
  <Char code="55" x="171" y="1" w="9" h="18" xoffs="10"/>
  <Char code="56" x="180" y="1" w="9" h="18" xoffs="10"/>
  <Char code="57" x="189" y="1" w="9" h="18" xoffs="10"/>
  <Char code="58" x="198" y="1" w="4" h="18" xoffs="5"/>
  <Char code="59" x="202" y="1" w="4" h="18" xoffs="5"/>
  <Char code="60" x="206" y="1" w="9" h="18" xoffs="10"/>
  <Char code="61" x="215" y="1" w="9" h="18" xoffs="10"/>
  <Char code="62" x="224" y="1" w="9" h="18" xoffs="10"/>
  <Char code="63" x="233" y="1" w="9" h="18" xoffs="10"/>
  <Char code="64" x="242" y="1" w="16" h="18" xoffs="17"/>
  <Char code="65" x="258" y="1" w="11" h="18" xoffs="12"/>
  <Char code="66" x="269" y="1" w="11" h="18" xoffs="12"/>
  <Char code="67" x="280" y="1" w="12" h="18" xoffs="13"/>
  <Char code="68" x="292" y="1" w="12" h="18" xoffs="13"/>
  <Char code="69" x="304" y="1" w="11" h="18" xoffs="12"/>
  <Char code="70" x="1" y="19" w="10" h="18" xoffs="11"/>
  <Char code="71" x="11" y="19" w="12" h="18" xoffs="13"/>
  <Char code="72" x="23" y="19" w="11" h="18" xoffs="12"/>
  <Char code="73" x="34" y="19" w="3" h="18" xoffs="4"/>
  <Char code="74" x="37" y="19" w="8" h="18" xoffs="9"/>
  <Char code="75" x="45" y="19" w="11" h="18" xoffs="12"/>
  <Char code="76" x="56" y="19" w="9" h="18" xoffs="10"/>
  <Char code="77" x="65" y="19" w="13" h="18" xoffs="14"/>
  <Char code="78" x="78" y="19" w="11" h="18" xoffs="12"/>
  <Char code="79" x="89" y="19" w="12" h="18" xoffs="13"/>
  <Char code="80" x="101" y="19" w="11" h="18" xoffs="12"/>
  <Char code="81" x="112" y="19" w="12" h="18" xoffs="13"/>
  <Char code="82" x="124" y="19" w="11" h="18" xoffs="12"/>
  <Char code="83" x="135" y="19" w="11" h="18" xoffs="12"/>
  <Char code="84" x="146" y="19" w="9" h="18" xoffs="10"/>
  <Char code="85" x="155" y="19" w="11" h="18" xoffs="12"/>
  <Char code="86" x="166" y="19" w="11" h="18" xoffs="12"/>
  <Char code="87" x="177" y="19" w="15" h="18" xoffs="16"/>
  <Char code="88" x="192" y="19" w="11" h="18" xoffs="12"/>
  <Char code="89" x="203" y="19" w="9" h="18" xoffs="10"/>
  <Char code="90" x="212" y="19" w="9" h="18" xoffs="10"/>
  <Char code="91" x="221" y="19" w="4" h="18" xoffs="5"/>
  <Char code="92" x="225" y="19" w="4" h="18" xoffs="5"/>
  <Char code="93" x="229" y="19" w="4" h="18" xoffs="5"/>
  <Char code="94" x="233" y="19" w="7" h="18" xoffs="8"/>
  <Char code="95" x="240" y="19" w="9" h="18" xoffs="10"/>
  <Char code="96" x="249" y="19" w="5" h="18" xoffs="6"/>
  <Char code="97" x="254" y="19" w="9" h="18" xoffs="10"/>
  <Char code="98" x="263" y="19" w="9" h="18" xoffs="10"/>
  <Char code="99" x="272" y="19" w="8" h="18" xoffs="9"/>
  <Char code="100" x="280" y="19" w="9" h="18" xoffs="10"/>
  <Char code="101" x="289" y="19" w="9" h="18" xoffs="10"/>
  <Char code="102" x="298" y="19" w="4" h="18" xoffs="5"/>
  <Char code="103" x="302" y="19" w="9" h="18" xoffs="10"/>
  <Char code="104" x="311" y="19" w="8" h="18" xoffs="9"/>
  <Char code="105" x="1" y="37" w="4" h="18" xoffs="5"/>
  <Char code="106" x="5" y="37" w="3" h="18" xoffs="4"/>
  <Char code="107" x="8" y="37" w="8" h="18" xoffs="9"/>
  <Char code="108" x="16" y="37" w="3" h="18" xoffs="4"/>
  <Char code="109" x="19" y="37" w="13" h="18" xoffs="14"/>
  <Char code="110" x="32" y="37" w="8" h="18" xoffs="9"/>
  <Char code="111" x="40" y="37" w="9" h="18" xoffs="10"/>
  <Char code="112" x="49" y="37" w="9" h="18" xoffs="10"/>
  <Char code="113" x="58" y="37" w="9" h="18" xoffs="10"/>
  <Char code="114" x="67" y="37" w="5" h="18" xoffs="6"/>
  <Char code="115" x="72" y="37" w="8" h="18" xoffs="9"/>
  <Char code="116" x="80" y="37" w="4" h="18" xoffs="5"/>
  <Char code="117" x="84" y="37" w="8" h="18" xoffs="9"/>
  <Char code="118" x="92" y="37" w="7" h="18" xoffs="8"/>
  <Char code="119" x="99" y="37" w="11" h="18" xoffs="12"/>
  <Char code="120" x="110" y="37" w="7" h="18" xoffs="8"/>
  <Char code="121" x="117" y="37" w="7" h="18" xoffs="8"/>
  <Char code="122" x="124" y="37" w="7" h="18" xoffs="8"/>
  <Char code="123" x="131" y="37" w="5" h="18" xoffs="6"/>
  <Char code="124" x="136" y="37" w="3" h="18" xoffs="4"/>
  <Char code="125" x="139" y="37" w="5" h="18" xoffs="6"/>
  <Char code="126" x="144" y="37" w="9" h="18" xoffs="10"/>
  <Char code="127" x="153" y="37" w="12" h="18" xoffs="13"/>
  <Char code="128" x="165" y="37" w="0" h="18" xoffs="1"/>
  <Range first="880" last="1023"/>
  <Char code="880" x="165" y="37" w="9" h="18" xoffs="10"/>
  <Char code="881" x="174" y="37" w="8" h="18" xoffs="9"/>
  <Char code="882" x="182" y="37" w="10" h="18" xoffs="11"/>
  <Char code="883" x="192" y="37" w="7" h="18" xoffs="8"/>
  <Char code="884" x="199" y="37" w="5" h="18" xoffs="6"/>
  <Char code="885" x="204" y="37" w="5" h="18" xoffs="6"/>
  <Char code="886" x="209" y="37" w="12" h="18" xoffs="13"/>
  <Char code="887" x="221" y="37" w="9" h="18" xoffs="10"/>
  <Char code="888" x="230" y="37" w="12" h="18" xoffs="13"/>
  <Char code="889" x="242" y="37" w="12" h="18" xoffs="13"/>
  <Char code="890" x="254" y="37" w="5" h="18" xoffs="6"/>
  <Char code="891" x="259" y="37" w="8" h="18" xoffs="9"/>
  <Char code="892" x="267" y="37" w="8" h="18" xoffs="9"/>
  <Char code="893" x="275" y="37" w="8" h="18" xoffs="9"/>
  <Char code="894" x="283" y="37" w="4" h="18" xoffs="5"/>
  <Char code="895" x="287" y="37" w="8" h="18" xoffs="9"/>
  <Char code="896" x="295" y="37" w="12" h="18" xoffs="13"/>
  <Char code="897" x="307" y="37" w="12" h="18" xoffs="13"/>
  <Char code="898" x="1" y="55" w="12" h="18" xoffs="13"/>
  <Char code="899" x="13" y="55" w="12" h="18" xoffs="13"/>
  <Char code="900" x="25" y="55" w="5" h="18" xoffs="6"/>
  <Char code="901" x="30" y="55" w="5" h="18" xoffs="6"/>
  <Char code="902" x="35" y="55" w="11" h="18" xoffs="12"/>
  <Char code="903" x="46" y="55" w="3" h="18" xoffs="4"/>
  <Char code="904" x="49" y="55" w="13" h="18" xoffs="14"/>
  <Char code="905" x="62" y="55" w="13" h="18" xoffs="14"/>
  <Char code="906" x="75" y="55" w="6" h="18" xoffs="7"/>
  <Char code="907" x="81" y="55" w="12" h="18" xoffs="13"/>
  <Char code="908" x="93" y="55" w="12" h="18" xoffs="13"/>
  <Char code="909" x="105" y="55" w="12" h="18" xoffs="13"/>
  <Char code="910" x="117" y="55" w="12" h="18" xoffs="13"/>
  <Char code="911" x="129" y="55" w="12" h="18" xoffs="13"/>
  <Char code="912" x="141" y="55" w="3" h="18" xoffs="4"/>
  <Char code="913" x="144" y="55" w="11" h="18" xoffs="12"/>
  <Char code="914" x="155" y="55" w="11" h="18" xoffs="12"/>
  <Char code="915" x="166" y="55" w="9" h="18" xoffs="10"/>
  <Char code="916" x="175" y="55" w="11" h="18" xoffs="12"/>
  <Char code="917" x="186" y="55" w="11" h="18" xoffs="12"/>
  <Char code="918" x="197" y="55" w="9" h="18" xoffs="10"/>
  <Char code="919" x="206" y="55" w="11" h="18" xoffs="12"/>
  <Char code="920" x="217" y="55" w="12" h="18" xoffs="13"/>
  <Char code="921" x="229" y="55" w="3" h="18" xoffs="4"/>
  <Char code="922" x="232" y="55" w="11" h="18" xoffs="12"/>
  <Char code="923" x="243" y="55" w="11" h="18" xoffs="12"/>
  <Char code="924" x="254" y="55" w="13" h="18" xoffs="14"/>
  <Char code="925" x="267" y="55" w="11" h="18" xoffs="12"/>
  <Char code="926" x="278" y="55" w="10" h="18" xoffs="11"/>
  <Char code="927" x="288" y="55" w="12" h="18" xoffs="13"/>
  <Char code="928" x="300" y="55" w="11" h="18" xoffs="12"/>
  <Char code="929" x="1" y="73" w="11" h="18" xoffs="12"/>
  <Char code="930" x="12" y="73" w="12" h="18" xoffs="13"/>
  <Char code="931" x="24" y="73" w="10" h="18" xoffs="11"/>
  <Char code="932" x="34" y="73" w="9" h="18" xoffs="10"/>
  <Char code="933" x="43" y="73" w="9" h="18" xoffs="10"/>
  <Char code="934" x="52" y="73" w="11" h="18" xoffs="12"/>
  <Char code="935" x="63" y="73" w="11" h="18" xoffs="12"/>
  <Char code="936" x="74" y="73" w="11" h="18" xoffs="12"/>
  <Char code="937" x="85" y="73" w="12" h="18" xoffs="13"/>
  <Char code="938" x="97" y="73" w="3" h="18" xoffs="4"/>
  <Char code="939" x="100" y="73" w="9" h="18" xoffs="10"/>
  <Char code="940" x="109" y="73" w="9" h="18" xoffs="10"/>
  <Char code="941" x="118" y="73" w="7" h="18" xoffs="8"/>
  <Char code="942" x="125" y="73" w="8" h="18" xoffs="9"/>
  <Char code="943" x="133" y="73" w="3" h="18" xoffs="4"/>
  <Char code="944" x="136" y="73" w="8" h="18" xoffs="9"/>
  <Char code="945" x="144" y="73" w="9" h="18" xoffs="10"/>
  <Char code="946" x="153" y="73" w="9" h="18" xoffs="10"/>
  <Char code="947" x="162" y="73" w="8" h="18" xoffs="9"/>
  <Char code="948" x="170" y="73" w="9" h="18" xoffs="10"/>
  <Char code="949" x="179" y="73" w="7" h="18" xoffs="8"/>
  <Char code="950" x="186" y="73" w="7" h="18" xoffs="8"/>
  <Char code="951" x="193" y="73" w="8" h="18" xoffs="9"/>
  <Char code="952" x="201" y="73" w="9" h="18" xoffs="10"/>
  <Char code="953" x="210" y="73" w="3" h="18" xoffs="4"/>
  <Char code="954" x="213" y="73" w="8" h="18" xoffs="9"/>
  <Char code="955" x="221" y="73" w="8" h="18" xoffs="9"/>
  <Char code="956" x="229" y="73" w="9" h="18" xoffs="10"/>
  <Char code="957" x="238" y="73" w="7" h="18" xoffs="8"/>
  <Char code="958" x="245" y="73" w="7" h="18" xoffs="8"/>
  <Char code="959" x="252" y="73" w="9" h="18" xoffs="10"/>
  <Char code="960" x="261" y="73" w="11" h="18" xoffs="12"/>
  <Char code="961" x="272" y="73" w="9" h="18" xoffs="10"/>
  <Char code="962" x="281" y="73" w="8" h="18" xoffs="9"/>
  <Char code="963" x="289" y="73" w="10" h="18" xoffs="11"/>
  <Char code="964" x="299" y="73" w="5" h="18" xoffs="6"/>
  <Char code="965" x="304" y="73" w="8" h="18" xoffs="9"/>
  <Char code="966" x="1" y="91" w="10" h="18" xoffs="11"/>
  <Char code="967" x="11" y="91" w="8" h="18" xoffs="9"/>
  <Char code="968" x="19" y="91" w="11" h="18" xoffs="12"/>
  <Char code="969" x="30" y="91" w="13" h="18" xoffs="14"/>
  <Char code="970" x="43" y="91" w="3" h="18" xoffs="4"/>
  <Char code="971" x="46" y="91" w="8" h="18" xoffs="9"/>
  <Char code="972" x="54" y="91" w="9" h="18" xoffs="10"/>
  <Char code="973" x="63" y="91" w="8" h="18" xoffs="9"/>
  <Char code="974" x="71" y="91" w="13" h="18" xoffs="14"/>
  <Char code="975" x="84" y="91" w="11" h="18" xoffs="12"/>
  <Char code="976" x="95" y="91" w="9" h="18" xoffs="10"/>
  <Char code="977" x="104" y="91" w="9" h="18" xoffs="10"/>
  <Char code="978" x="113" y="91" w="12" h="18" xoffs="13"/>
  <Char code="979" x="125" y="91" w="15" h="18" xoffs="16"/>
  <Char code="980" x="140" y="91" w="12" h="18" xoffs="13"/>
  <Char code="981" x="152" y="91" w="9" h="18" xoffs="10"/>
  <Char code="982" x="161" y="91" w="13" h="18" xoffs="14"/>
  <Char code="983" x="174" y="91" w="10" h="18" xoffs="11"/>
  <Char code="984" x="184" y="91" w="12" h="18" xoffs="13"/>
  <Char code="985" x="196" y="91" w="9" h="18" xoffs="10"/>
  <Char code="986" x="205" y="91" w="12" h="18" xoffs="13"/>
  <Char code="987" x="217" y="91" w="8" h="18" xoffs="9"/>
  <Char code="988" x="225" y="91" w="10" h="18" xoffs="11"/>
  <Char code="989" x="235" y="91" w="6" h="18" xoffs="7"/>
  <Char code="990" x="241" y="91" w="10" h="18" xoffs="11"/>
  <Char code="991" x="251" y="91" w="8" h="18" xoffs="9"/>
  <Char code="992" x="259" y="91" w="12" h="18" xoffs="13"/>
  <Char code="993" x="271" y="91" w="9" h="18" xoffs="10"/>
  <Char code="994" x="280" y="91" w="14" h="18" xoffs="15"/>
  <Char code="995" x="294" y="91" w="13" h="18" xoffs="14"/>
  <Char code="996" x="307" y="91" w="11" h="18" xoffs="12"/>
  <Char code="997" x="1" y="109" w="9" h="18" xoffs="10"/>
  <Char code="998" x="10" y="109" w="11" h="18" xoffs="12"/>
  <Char code="999" x="21" y="109" w="8" h="18" xoffs="9"/>
  <Char code="1000" x="29" y="109" w="11" h="18" xoffs="12"/>
  <Char code="1001" x="40" y="109" w="11" h="18" xoffs="12"/>
  <Char code="1002" x="51" y="109" w="10" h="18" xoffs="11"/>
  <Char code="1003" x="61" y="109" w="10" h="18" xoffs="11"/>
  <Char code="1004" x="71" y="109" w="12" h="18" xoffs="13"/>
  <Char code="1005" x="83" y="109" w="9" h="18" xoffs="10"/>
  <Char code="1006" x="92" y="109" w="7" h="18" xoffs="8"/>
  <Char code="1007" x="99" y="109" w="7" h="18" xoffs="8"/>
  <Char code="1008" x="106" y="109" w="10" h="18" xoffs="11"/>
  <Char code="1009" x="116" y="109" w="9" h="18" xoffs="10"/>
  <Char code="1010" x="125" y="109" w="8" h="18" xoffs="9"/>
  <Char code="1011" x="133" y="109" w="3" h="18" xoffs="4"/>
  <Char code="1012" x="136" y="109" w="12" h="18" xoffs="13"/>
  <Char code="1013" x="148" y="109" w="7" h="18" xoffs="8"/>
  <Char code="1014" x="155" y="109" w="7" h="18" xoffs="8"/>
  <Char code="1015" x="162" y="109" w="11" h="18" xoffs="12"/>
  <Char code="1016" x="173" y="109" w="9" h="18" xoffs="10"/>
  <Char code="1017" x="182" y="109" w="12" h="18" xoffs="13"/>
  <Char code="1018" x="194" y="109" w="13" h="18" xoffs="14"/>
  <Char code="1019" x="207" y="109" w="11" h="18" xoffs="12"/>
  <Char code="1020" x="218" y="109" w="9" h="18" xoffs="10"/>
  <Char code="1021" x="227" y="109" w="12" h="18" xoffs="13"/>
  <Char code="1022" x="239" y="109" w="12" h="18" xoffs="13"/>
  <Char code="1023" x="251" y="109" w="12" h="18" xoffs="13"/>
  <Range first="1024" last="1279"/>
  <Char code="1024" x="263" y="109" w="11" h="18" xoffs="12"/>
  <Char code="1025" x="274" y="109" w="11" h="18" xoffs="12"/>
  <Char code="1026" x="285" y="109" w="14" h="18" xoffs="15"/>
  <Char code="1027" x="299" y="109" w="9" h="18" xoffs="10"/>
  <Char code="1028" x="308" y="109" w="12" h="18" xoffs="13"/>
  <Char code="1029" x="1" y="127" w="11" h="18" xoffs="12"/>
  <Char code="1030" x="12" y="127" w="3" h="18" xoffs="4"/>
  <Char code="1031" x="15" y="127" w="3" h="18" xoffs="4"/>
  <Char code="1032" x="18" y="127" w="8" h="18" xoffs="9"/>
  <Char code="1033" x="26" y="127" w="17" h="18" xoffs="18"/>
  <Char code="1034" x="43" y="127" w="16" h="18" xoffs="17"/>
  <Char code="1035" x="59" y="127" w="13" h="18" xoffs="14"/>
  <Char code="1036" x="72" y="127" w="9" h="18" xoffs="10"/>
  <Char code="1037" x="81" y="127" w="12" h="18" xoffs="13"/>
  <Char code="1038" x="93" y="127" w="10" h="18" xoffs="11"/>
  <Char code="1039" x="103" y="127" w="12" h="18" xoffs="13"/>
  <Char code="1040" x="115" y="127" w="11" h="18" xoffs="12"/>
  <Char code="1041" x="126" y="127" w="11" h="18" xoffs="12"/>
  <Char code="1042" x="137" y="127" w="11" h="18" xoffs="12"/>
  <Char code="1043" x="148" y="127" w="9" h="18" xoffs="10"/>
  <Char code="1044" x="157" y="127" w="11" h="18" xoffs="12"/>
  <Char code="1045" x="168" y="127" w="11" h="18" xoffs="12"/>
  <Char code="1046" x="179" y="127" w="14" h="18" xoffs="15"/>
  <Char code="1047" x="193" y="127" w="10" h="18" xoffs="11"/>
  <Char code="1048" x="203" y="127" w="12" h="18" xoffs="13"/>
  <Char code="1049" x="215" y="127" w="12" h="18" xoffs="13"/>
  <Char code="1050" x="227" y="127" w="9" h="18" xoffs="10"/>
  <Char code="1051" x="236" y="127" w="11" h="18" xoffs="12"/>
  <Char code="1052" x="247" y="127" w="13" h="18" xoffs="14"/>
  <Char code="1053" x="260" y="127" w="11" h="18" xoffs="12"/>
  <Char code="1054" x="271" y="127" w="12" h="18" xoffs="13"/>
  <Char code="1055" x="283" y="127" w="11" h="18" xoffs="12"/>
  <Char code="1056" x="294" y="127" w="11" h="18" xoffs="12"/>
  <Char code="1057" x="305" y="127" w="12" h="18" xoffs="13"/>
  <Char code="1058" x="1" y="145" w="9" h="18" xoffs="10"/>
  <Char code="1059" x="10" y="145" w="10" h="18" xoffs="11"/>
  <Char code="1060" x="20" y="145" w="11" h="18" xoffs="12"/>
  <Char code="1061" x="31" y="145" w="11" h="18" xoffs="12"/>
  <Char code="1062" x="42" y="145" w="12" h="18" xoffs="13"/>
  <Char code="1063" x="54" y="145" w="10" h="18" xoffs="11"/>
  <Char code="1064" x="64" y="145" w="13" h="18" xoffs="14"/>
  <Char code="1065" x="77" y="145" w="14" h="18" xoffs="15"/>
  <Char code="1066" x="91" y="145" w="13" h="18" xoffs="14"/>
  <Char code="1067" x="104" y="145" w="14" h="18" xoffs="15"/>
  <Char code="1068" x="118" y="145" w="11" h="18" xoffs="12"/>
  <Char code="1069" x="129" y="145" w="12" h="18" xoffs="13"/>
  <Char code="1070" x="141" y="145" w="16" h="18" xoffs="17"/>
  <Char code="1071" x="157" y="145" w="12" h="18" xoffs="13"/>
  <Char code="1072" x="169" y="145" w="9" h="18" xoffs="10"/>
  <Char code="1073" x="178" y="145" w="9" h="18" xoffs="10"/>
  <Char code="1074" x="187" y="145" w="9" h="18" xoffs="10"/>
  <Char code="1075" x="196" y="145" w="6" h="18" xoffs="7"/>
  <Char code="1076" x="202" y="145" w="9" h="18" xoffs="10"/>
  <Char code="1077" x="211" y="145" w="9" h="18" xoffs="10"/>
  <Char code="1078" x="220" y="145" w="10" h="18" xoffs="11"/>
  <Char code="1079" x="230" y="145" w="7" h="18" xoffs="8"/>
  <Char code="1080" x="237" y="145" w="8" h="18" xoffs="9"/>
  <Char code="1081" x="245" y="145" w="8" h="18" xoffs="9"/>
  <Char code="1082" x="253" y="145" w="7" h="18" xoffs="8"/>
  <Char code="1083" x="260" y="145" w="8" h="18" xoffs="9"/>
  <Char code="1084" x="268" y="145" w="11" h="18" xoffs="12"/>
  <Char code="1085" x="279" y="145" w="8" h="18" xoffs="9"/>
  <Char code="1086" x="287" y="145" w="9" h="18" xoffs="10"/>
  <Char code="1087" x="296" y="145" w="8" h="18" xoffs="9"/>
  <Char code="1088" x="304" y="145" w="9" h="18" xoffs="10"/>
  <Char code="1089" x="1" y="163" w="8" h="18" xoffs="9"/>
  <Char code="1090" x="9" y="163" w="7" h="18" xoffs="8"/>
  <Char code="1091" x="16" y="163" w="7" h="18" xoffs="8"/>
  <Char code="1092" x="23" y="163" w="13" h="18" xoffs="14"/>
  <Char code="1093" x="36" y="163" w="7" h="18" xoffs="8"/>
  <Char code="1094" x="43" y="163" w="9" h="18" xoffs="10"/>
  <Char code="1095" x="52" y="163" w="8" h="18" xoffs="9"/>
  <Char code="1096" x="60" y="163" w="11" h="18" xoffs="12"/>
  <Char code="1097" x="71" y="163" w="11" h="18" xoffs="12"/>
  <Char code="1098" x="82" y="163" w="10" h="18" xoffs="11"/>
  <Char code="1099" x="92" y="163" w="12" h="18" xoffs="13"/>
  <Char code="1100" x="104" y="163" w="9" h="18" xoffs="10"/>
  <Char code="1101" x="113" y="163" w="8" h="18" xoffs="9"/>
  <Char code="1102" x="121" y="163" w="12" h="18" xoffs="13"/>
  <Char code="1103" x="133" y="163" w="9" h="18" xoffs="10"/>
  <Char code="1104" x="142" y="163" w="9" h="18" xoffs="10"/>
  <Char code="1105" x="151" y="163" w="9" h="18" xoffs="10"/>
  <Char code="1106" x="160" y="163" w="8" h="18" xoffs="9"/>
  <Char code="1107" x="168" y="163" w="6" h="18" xoffs="7"/>
  <Char code="1108" x="174" y="163" w="8" h="18" xoffs="9"/>
  <Char code="1109" x="182" y="163" w="8" h="18" xoffs="9"/>
  <Char code="1110" x="190" y="163" w="4" h="18" xoffs="5"/>
  <Char code="1111" x="194" y="163" w="3" h="18" xoffs="4"/>
  <Char code="1112" x="197" y="163" w="3" h="18" xoffs="4"/>
  <Char code="1113" x="200" y="163" w="15" h="18" xoffs="16"/>
  <Char code="1114" x="215" y="163" w="13" h="18" xoffs="14"/>
  <Char code="1115" x="228" y="163" w="8" h="18" xoffs="9"/>
  <Char code="1116" x="236" y="163" w="7" h="18" xoffs="8"/>
  <Char code="1117" x="243" y="163" w="8" h="18" xoffs="9"/>
  <Char code="1118" x="251" y="163" w="7" h="18" xoffs="8"/>
  <Char code="1119" x="258" y="163" w="8" h="18" xoffs="9"/>
  <Char code="1120" x="266" y="163" w="21" h="18" xoffs="22"/>
  <Char code="1121" x="287" y="163" w="10" h="18" xoffs="11"/>
  <Char code="1122" x="297" y="163" w="12" h="18" xoffs="13"/>
  <Char code="1123" x="309" y="163" w="10" h="18" xoffs="11"/>
  <Char code="1124" x="1" y="181" w="15" h="18" xoffs="16"/>
  <Char code="1125" x="16" y="181" w="11" h="18" xoffs="12"/>
  <Char code="1126" x="27" y="181" w="11" h="18" xoffs="12"/>
  <Char code="1127" x="38" y="181" w="8" h="18" xoffs="9"/>
  <Char code="1128" x="46" y="181" w="14" h="18" xoffs="15"/>
  <Char code="1129" x="60" y="181" w="11" h="18" xoffs="12"/>
  <Char code="1130" x="71" y="181" w="13" h="18" xoffs="14"/>
  <Char code="1131" x="84" y="181" w="11" h="18" xoffs="12"/>
  <Char code="1132" x="95" y="181" w="17" h="18" xoffs="18"/>
  <Char code="1133" x="112" y="181" w="14" h="18" xoffs="15"/>
  <Char code="1134" x="126" y="181" w="10" h="18" xoffs="11"/>
  <Char code="1135" x="136" y="181" w="7" h="18" xoffs="8"/>
  <Char code="1136" x="143" y="181" w="13" h="18" xoffs="14"/>
  <Char code="1137" x="156" y="181" w="11" h="18" xoffs="12"/>
  <Char code="1138" x="167" y="181" w="12" h="18" xoffs="13"/>
  <Char code="1139" x="179" y="181" w="9" h="18" xoffs="10"/>
  <Char code="1140" x="188" y="181" w="13" h="18" xoffs="14"/>
  <Char code="1141" x="201" y="181" w="10" h="18" xoffs="11"/>
  <Char code="1142" x="211" y="181" w="13" h="18" xoffs="14"/>
  <Char code="1143" x="224" y="181" w="10" h="18" xoffs="11"/>
  <Char code="1144" x="234" y="181" w="17" h="18" xoffs="18"/>
  <Char code="1145" x="251" y="181" w="14" h="18" xoffs="15"/>
  <Char code="1146" x="265" y="181" w="13" h="18" xoffs="14"/>
  <Char code="1147" x="278" y="181" w="10" h="18" xoffs="11"/>
  <Char code="1148" x="288" y="181" w="19" h="18" xoffs="20"/>
  <Char code="1149" x="1" y="199" w="14" h="18" xoffs="15"/>
  <Char code="1150" x="15" y="199" w="21" h="18" xoffs="22"/>
  <Char code="1151" x="36" y="199" w="10" h="18" xoffs="11"/>
  <Char code="1152" x="46" y="199" w="12" h="18" xoffs="13"/>
  <Char code="1153" x="58" y="199" w="8" h="18" xoffs="9"/>
  <Char code="1154" x="66" y="199" w="8" h="18" xoffs="9"/>
  <Char code="1155" x="74" y="199" w="0" h="18" xoffs="1"/>
  <Char code="1156" x="74" y="199" w="0" h="18" xoffs="1"/>
  <Char code="1157" x="74" y="199" w="0" h="18" xoffs="1"/>
  <Char code="1158" x="74" y="199" w="0" h="18" xoffs="1"/>
  <Char code="1159" x="74" y="199" w="0" h="18" xoffs="1"/>
  <Char code="1160" x="74" y="199" w="0" h="18" xoffs="1"/>
  <Char code="1161" x="74" y="199" w="0" h="18" xoffs="1"/>
  <Char code="1162" x="74" y="199" w="12" h="18" xoffs="13"/>
  <Char code="1163" x="86" y="199" w="9" h="18" xoffs="10"/>
  <Char code="1164" x="95" y="199" w="11" h="18" xoffs="12"/>
  <Char code="1165" x="106" y="199" w="8" h="18" xoffs="9"/>
  <Char code="1166" x="114" y="199" w="11" h="18" xoffs="12"/>
  <Char code="1167" x="125" y="199" w="9" h="18" xoffs="10"/>
  <Char code="1168" x="134" y="199" w="8" h="18" xoffs="9"/>
  <Char code="1169" x="142" y="199" w="7" h="18" xoffs="8"/>
  <Char code="1170" x="149" y="199" w="9" h="18" xoffs="10"/>
  <Char code="1171" x="158" y="199" w="6" h="18" xoffs="7"/>
  <Char code="1172" x="164" y="199" w="11" h="18" xoffs="12"/>
  <Char code="1173" x="175" y="199" w="9" h="18" xoffs="10"/>
  <Char code="1174" x="184" y="199" w="15" h="18" xoffs="16"/>
  <Char code="1175" x="199" y="199" w="11" h="18" xoffs="12"/>
  <Char code="1176" x="210" y="199" w="10" h="18" xoffs="11"/>
  <Char code="1177" x="220" y="199" w="7" h="18" xoffs="8"/>
  <Char code="1178" x="227" y="199" w="9" h="18" xoffs="10"/>
  <Char code="1179" x="236" y="199" w="7" h="18" xoffs="8"/>
  <Char code="1180" x="243" y="199" w="9" h="18" xoffs="10"/>
  <Char code="1181" x="252" y="199" w="7" h="18" xoffs="8"/>
  <Char code="1182" x="259" y="199" w="9" h="18" xoffs="10"/>
  <Char code="1183" x="268" y="199" w="7" h="18" xoffs="8"/>
  <Char code="1184" x="275" y="199" w="12" h="18" xoffs="13"/>
  <Char code="1185" x="287" y="199" w="9" h="18" xoffs="10"/>
  <Char code="1186" x="296" y="199" w="12" h="18" xoffs="13"/>
  <Char code="1187" x="308" y="199" w="9" h="18" xoffs="10"/>
  <Char code="1188" x="1" y="217" w="14" h="18" xoffs="15"/>
  <Char code="1189" x="15" y="217" w="10" h="18" xoffs="11"/>
  <Char code="1190" x="25" y="217" w="18" h="18" xoffs="19"/>
  <Char code="1191" x="43" y="217" w="14" h="18" xoffs="15"/>
  <Char code="1192" x="57" y="217" w="12" h="18" xoffs="13"/>
  <Char code="1193" x="69" y="217" w="8" h="18" xoffs="9"/>
  <Char code="1194" x="77" y="217" w="12" h="18" xoffs="13"/>
  <Char code="1195" x="89" y="217" w="8" h="18" xoffs="9"/>
  <Char code="1196" x="97" y="217" w="10" h="18" xoffs="11"/>
  <Char code="1197" x="107" y="217" w="7" h="18" xoffs="8"/>
  <Char code="1198" x="114" y="217" w="9" h="18" xoffs="10"/>
  <Char code="1199" x="123" y="217" w="8" h="18" xoffs="9"/>
  <Char code="1200" x="131" y="217" w="9" h="18" xoffs="10"/>
  <Char code="1201" x="140" y="217" w="8" h="18" xoffs="9"/>
  <Char code="1202" x="148" y="217" w="11" h="18" xoffs="12"/>
  <Char code="1203" x="159" y="217" w="8" h="18" xoffs="9"/>
  <Char code="1204" x="167" y="217" w="15" h="18" xoffs="16"/>
  <Char code="1205" x="182" y="217" w="11" h="18" xoffs="12"/>
  <Char code="1206" x="193" y="217" w="11" h="18" xoffs="12"/>
  <Char code="1207" x="204" y="217" w="8" h="18" xoffs="9"/>
  <Char code="1208" x="212" y="217" w="11" h="18" xoffs="12"/>
  <Char code="1209" x="223" y="217" w="8" h="18" xoffs="9"/>
  <Char code="1210" x="231" y="217" w="11" h="18" xoffs="12"/>
  <Char code="1211" x="242" y="217" w="8" h="18" xoffs="9"/>
  <Char code="1212" x="250" y="217" w="14" h="18" xoffs="15"/>
  <Char code="1213" x="264" y="217" w="11" h="18" xoffs="12"/>
  <Char code="1214" x="275" y="217" w="14" h="18" xoffs="15"/>
  <Char code="1215" x="289" y="217" w="11" h="18" xoffs="12"/>
  <Char code="1216" x="300" y="217" w="3" h="18" xoffs="4"/>
  <Char code="1217" x="303" y="217" w="14" h="18" xoffs="15"/>
  <Char code="1218" x="1" y="235" w="10" h="18" xoffs="11"/>
  <Char code="1219" x="11" y="235" w="11" h="18" xoffs="12"/>
  <Char code="1220" x="22" y="235" w="9" h="18" xoffs="10"/>
  <Char code="1221" x="31" y="235" w="11" h="18" xoffs="12"/>
  <Char code="1222" x="42" y="235" w="9" h="18" xoffs="10"/>
  <Char code="1223" x="51" y="235" w="12" h="18" xoffs="13"/>
  <Char code="1224" x="63" y="235" w="9" h="18" xoffs="10"/>
  <Char code="1225" x="72" y="235" w="12" h="18" xoffs="13"/>
  <Char code="1226" x="84" y="235" w="9" h="18" xoffs="10"/>
  <Char code="1227" x="93" y="235" w="11" h="18" xoffs="12"/>
  <Char code="1228" x="104" y="235" w="8" h="18" xoffs="9"/>
  <Char code="1229" x="112" y="235" w="13" h="18" xoffs="14"/>
  <Char code="1230" x="125" y="235" w="11" h="18" xoffs="12"/>
  <Char code="1231" x="136" y="235" w="3" h="18" xoffs="4"/>
  <Char code="1232" x="139" y="235" w="11" h="18" xoffs="12"/>
  <Char code="1233" x="150" y="235" w="9" h="18" xoffs="10"/>
  <Char code="1234" x="159" y="235" w="11" h="18" xoffs="12"/>
  <Char code="1235" x="170" y="235" w="9" h="18" xoffs="10"/>
  <Char code="1236" x="179" y="235" w="16" h="18" xoffs="17"/>
  <Char code="1237" x="195" y="235" w="14" h="18" xoffs="15"/>
  <Char code="1238" x="209" y="235" w="11" h="18" xoffs="12"/>
  <Char code="1239" x="220" y="235" w="9" h="18" xoffs="10"/>
  <Char code="1240" x="229" y="235" w="12" h="18" xoffs="13"/>
  <Char code="1241" x="241" y="235" w="9" h="18" xoffs="10"/>
  <Char code="1242" x="250" y="235" w="12" h="18" xoffs="13"/>
  <Char code="1243" x="262" y="235" w="9" h="18" xoffs="10"/>
  <Char code="1244" x="271" y="235" w="14" h="18" xoffs="15"/>
  <Char code="1245" x="285" y="235" w="10" h="18" xoffs="11"/>
  <Char code="1246" x="295" y="235" w="10" h="18" xoffs="11"/>
  <Char code="1247" x="305" y="235" w="7" h="18" xoffs="8"/>
  <Char code="1248" x="1" y="253" w="10" h="18" xoffs="11"/>
  <Char code="1249" x="11" y="253" w="9" h="18" xoffs="10"/>
  <Char code="1250" x="20" y="253" w="12" h="18" xoffs="13"/>
  <Char code="1251" x="32" y="253" w="8" h="18" xoffs="9"/>
  <Char code="1252" x="40" y="253" w="12" h="18" xoffs="13"/>
  <Char code="1253" x="52" y="253" w="8" h="18" xoffs="9"/>
  <Char code="1254" x="60" y="253" w="12" h="18" xoffs="13"/>
  <Char code="1255" x="72" y="253" w="9" h="18" xoffs="10"/>
  <Char code="1256" x="81" y="253" w="12" h="18" xoffs="13"/>
  <Char code="1257" x="93" y="253" w="9" h="18" xoffs="10"/>
  <Char code="1258" x="102" y="253" w="12" h="18" xoffs="13"/>
  <Char code="1259" x="114" y="253" w="9" h="18" xoffs="10"/>
  <Char code="1260" x="123" y="253" w="12" h="18" xoffs="13"/>
  <Char code="1261" x="135" y="253" w="8" h="18" xoffs="9"/>
  <Char code="1262" x="143" y="253" w="10" h="18" xoffs="11"/>
  <Char code="1263" x="153" y="253" w="7" h="18" xoffs="8"/>
  <Char code="1264" x="160" y="253" w="10" h="18" xoffs="11"/>
  <Char code="1265" x="170" y="253" w="7" h="18" xoffs="8"/>
  <Char code="1266" x="177" y="253" w="10" h="18" xoffs="11"/>
  <Char code="1267" x="187" y="253" w="7" h="18" xoffs="8"/>
  <Char code="1268" x="194" y="253" w="10" h="18" xoffs="11"/>
  <Char code="1269" x="204" y="253" w="8" h="18" xoffs="9"/>
  <Char code="1270" x="212" y="253" w="9" h="18" xoffs="10"/>
  <Char code="1271" x="221" y="253" w="6" h="18" xoffs="7"/>
  <Char code="1272" x="227" y="253" w="14" h="18" xoffs="15"/>
  <Char code="1273" x="241" y="253" w="12" h="18" xoffs="13"/>
  <Char code="1274" x="253" y="253" w="9" h="18" xoffs="10"/>
  <Char code="1275" x="262" y="253" w="6" h="18" xoffs="7"/>
  <Char code="1276" x="268" y="253" w="11" h="18" xoffs="12"/>
  <Char code="1277" x="279" y="253" w="8" h="18" xoffs="9"/>
  <Char code="1278" x="287" y="253" w="11" h="18" xoffs="12"/>
  <Char code="1279" x="298" y="253" w="8" h="18" xoffs="9"/>
</SGL-BMF>
