<?xml version="1.0" encoding="UTF-8"?>

<SGL-BMF version="1.00">
  <name>Videophreak</name>
  <size>16</size>
  <italic>0</italic>
  <bold>0</bold>
  <block x="1" y="1" w="8" h="27" xoffs="1"/>
  <yoffs>28</yoffs>
  <chars>97</chars>
  <char code="32" x="9" y="1" w="8" h="27" xoffs="1"/>
  <char code="33" x="17" y="1" w="6" h="27" xoffs="1"/>
  <char code="34" x="23" y="1" w="7" h="27" xoffs="1"/>
  <char code="35" x="30" y="1" w="13" h="27" xoffs="1"/>
  <char code="36" x="43" y="1" w="12" h="27" xoffs="1"/>
  <char code="37" x="55" y="1" w="15" h="27" xoffs="1"/>
  <char code="38" x="70" y="1" w="12" h="27" xoffs="1"/>
  <char code="39" x="82" y="1" w="2" h="27" xoffs="1"/>
  <char code="40" x="84" y="1" w="8" h="27" xoffs="1"/>
  <char code="41" x="92" y="1" w="9" h="27" xoffs="1"/>
  <char code="42" x="101" y="1" w="8" h="27" xoffs="1"/>
  <char code="43" x="109" y="1" w="8" h="27" xoffs="1"/>
  <char code="44" x="117" y="1" w="6" h="27" xoffs="1"/>
  <char code="45" x="123" y="1" w="11" h="27" xoffs="1"/>
  <char code="46" x="134" y="1" w="6" h="27" xoffs="1"/>
  <char code="47" x="140" y="1" w="7" h="27" xoffs="1"/>
  <char code="48" x="147" y="1" w="15" h="27" xoffs="1"/>
  <char code="49" x="162" y="1" w="6" h="27" xoffs="1"/>
  <char code="50" x="168" y="1" w="15" h="27" xoffs="1"/>
  <char code="51" x="183" y="1" w="15" h="27" xoffs="1"/>
  <char code="52" x="198" y="1" w="15" h="27" xoffs="1"/>
  <char code="53" x="213" y="1" w="15" h="27" xoffs="1"/>
  <char code="54" x="228" y="1" w="15" h="27" xoffs="1"/>
  <char code="55" x="1" y="28" w="15" h="27" xoffs="1"/>
  <char code="56" x="16" y="28" w="15" h="27" xoffs="1"/>
  <char code="57" x="31" y="28" w="15" h="27" xoffs="1"/>
  <char code="58" x="46" y="28" w="6" h="27" xoffs="1"/>
  <char code="59" x="52" y="28" w="6" h="27" xoffs="1"/>
  <char code="60" x="58" y="28" w="6" h="27" xoffs="1"/>
  <char code="61" x="64" y="28" w="10" h="27" xoffs="1"/>
  <char code="62" x="74" y="28" w="6" h="27" xoffs="1"/>
  <char code="63" x="80" y="28" w="12" h="27" xoffs="1"/>
  <char code="64" x="92" y="28" w="17" h="27" xoffs="1"/>
  <char code="65" x="109" y="28" w="15" h="27" xoffs="1"/>
  <char code="66" x="124" y="28" w="15" h="27" xoffs="1"/>
  <char code="67" x="139" y="28" w="15" h="27" xoffs="1"/>
  <char code="68" x="154" y="28" w="15" h="27" xoffs="1"/>
  <char code="69" x="169" y="28" w="14" h="27" xoffs="1"/>
  <char code="70" x="183" y="28" w="14" h="27" xoffs="1"/>
  <char code="71" x="197" y="28" w="15" h="27" xoffs="1"/>
  <char code="72" x="212" y="28" w="15" h="27" xoffs="1"/>
  <char code="73" x="227" y="28" w="12" h="27" xoffs="1"/>
  <char code="74" x="239" y="28" w="15" h="27" xoffs="1"/>
  <char code="75" x="1" y="55" w="15" h="27" xoffs="1"/>
  <char code="76" x="16" y="55" w="14" h="27" xoffs="1"/>
  <char code="77" x="30" y="55" w="20" h="27" xoffs="1"/>
  <char code="78" x="50" y="55" w="15" h="27" xoffs="1"/>
  <char code="79" x="65" y="55" w="15" h="27" xoffs="1"/>
  <char code="80" x="80" y="55" w="14" h="27" xoffs="1"/>
  <char code="81" x="94" y="55" w="15" h="27" xoffs="1"/>
  <char code="82" x="109" y="55" w="15" h="27" xoffs="1"/>
  <char code="83" x="124" y="55" w="15" h="27" xoffs="1"/>
  <char code="84" x="139" y="55" w="13" h="27" xoffs="1"/>
  <char code="85" x="152" y="55" w="15" h="27" xoffs="1"/>
  <char code="86" x="167" y="55" w="15" h="27" xoffs="1"/>
  <char code="87" x="182" y="55" w="20" h="27" xoffs="1"/>
  <char code="88" x="202" y="55" w="15" h="27" xoffs="1"/>
  <char code="89" x="217" y="55" w="15" h="27" xoffs="1"/>
  <char code="90" x="232" y="55" w="15" h="27" xoffs="1"/>
  <char code="91" x="247" y="55" w="8" h="27" xoffs="1"/>
  <char code="92" x="1" y="82" w="8" h="27" xoffs="1"/>
  <char code="93" x="9" y="82" w="8" h="27" xoffs="1"/>
  <char code="94" x="17" y="82" w="7" h="27" xoffs="1"/>
  <char code="95" x="24" y="82" w="13" h="27" xoffs="1"/>
  <char code="96" x="37" y="82" w="4" h="27" xoffs="1"/>
  <char code="97" x="41" y="82" w="13" h="27" xoffs="1"/>
  <char code="98" x="54" y="82" w="13" h="27" xoffs="1"/>
  <char code="99" x="67" y="82" w="13" h="27" xoffs="1"/>
  <char code="100" x="80" y="82" w="13" h="27" xoffs="1"/>
  <char code="101" x="93" y="82" w="13" h="27" xoffs="1"/>
  <char code="102" x="106" y="82" w="10" h="27" xoffs="1"/>
  <char code="103" x="116" y="82" w="13" h="27" xoffs="1"/>
  <char code="104" x="129" y="82" w="13" h="27" xoffs="1"/>
  <char code="105" x="142" y="82" w="6" h="27" xoffs="1"/>
  <char code="106" x="148" y="82" w="9" h="27" xoffs="1"/>
  <char code="107" x="157" y="82" w="13" h="27" xoffs="1"/>
  <char code="108" x="170" y="82" w="8" h="27" xoffs="1"/>
  <char code="109" x="178" y="82" w="20" h="27" xoffs="1"/>
  <char code="110" x="198" y="82" w="15" h="27" xoffs="1"/>
  <char code="111" x="213" y="82" w="15" h="27" xoffs="1"/>
  <char code="112" x="228" y="82" w="13" h="27" xoffs="1"/>
  <char code="113" x="241" y="82" w="13" h="27" xoffs="1"/>
  <char code="114" x="1" y="109" w="10" h="27" xoffs="1"/>
  <char code="115" x="11" y="109" w="13" h="27" xoffs="1"/>
  <char code="116" x="24" y="109" w="12" h="27" xoffs="1"/>
  <char code="117" x="36" y="109" w="13" h="27" xoffs="1"/>
  <char code="118" x="49" y="109" w="13" h="27" xoffs="1"/>
  <char code="119" x="62" y="109" w="20" h="27" xoffs="1"/>
  <char code="120" x="82" y="109" w="15" h="27" xoffs="1"/>
  <char code="121" x="97" y="109" w="13" h="27" xoffs="1"/>
  <char code="122" x="110" y="109" w="13" h="27" xoffs="1"/>
  <char code="123" x="123" y="109" w="9" h="27" xoffs="1"/>
  <char code="124" x="132" y="109" w="4" h="27" xoffs="1"/>
  <char code="125" x="136" y="109" w="9" h="27" xoffs="1"/>
  <char code="126" x="145" y="109" w="10" h="27" xoffs="1"/>
  <char code="127" x="155" y="109" w="11" h="27" xoffs="1"/>
  <char code="128" x="166" y="109" w="0" h="27" xoffs="1"/>
</SGL-BMF>
