<?xml version="1.0" encoding="UTF-8"?>

<SGL-BMF version="1.00">
  <name>gimp-42</name>
  <size>42</size>
  <italic>0</italic>
  <bold>0</bold>
  <block x="1" y="1" w="18" h="44" xoffs="2"/>
  <yoffs>46</yoffs>
  <chars>91</chars>
  <char code="32" x="20" y="1" w="18" h="44" xoffs="2"/>
  <char code="33" x="391" y="136" w="15" h="44" xoffs="2"/>
  <char code="34" x="434" y="181" w="23" h="44" xoffs="2"/>
  <char code="35" x="440" y="136" w="31" h="44" xoffs="2"/>
  <char code="36" x="472" y="136" w="29" h="44" xoffs="2"/>
  <char code="37" x="1" y="181" w="31" h="44" xoffs="2"/>
  <char code="38" x="63" y="181" w="32" h="44" xoffs="2"/>
  <char code="39" x="418" y="181" w="15" h="44" xoffs="2"/>
  <char code="40" x="123" y="181" w="22" h="44" xoffs="2"/>
  <char code="41" x="146" y="181" w="22" h="44" xoffs="2"/>
  <char code="42" x="96" y="181" w="26" h="44" xoffs="2"/>
  <char code="43" x="255" y="181" w="29" h="44" xoffs="2"/>
  <char code="44" x="458" y="181" w="20" h="44" xoffs="2"/>
  <char code="45" x="169" y="181" w="23" h="44" xoffs="2"/>
  <char code="46" x="1" y="226" w="17" h="44" xoffs="2"/>
  <char code="47" x="45" y="226" w="28" h="44" xoffs="2"/>
  <char code="48" x="93" y="136" w="31" h="44" xoffs="2"/>
  <char code="49" x="125" y="136" w="28" h="44" xoffs="2"/>
  <char code="50" x="154" y="136" w="28" h="44" xoffs="2"/>
  <char code="51" x="183" y="136" w="28" h="44" xoffs="2"/>
  <char code="52" x="212" y="136" w="31" h="44" xoffs="2"/>
  <char code="53" x="244" y="136" w="26" h="44" xoffs="2"/>
  <char code="54" x="271" y="136" w="29" h="44" xoffs="2"/>
  <char code="55" x="301" y="136" w="29" h="44" xoffs="2"/>
  <char code="56" x="331" y="136" w="29" h="44" xoffs="2"/>
  <char code="57" x="361" y="136" w="29" h="44" xoffs="2"/>
  <char code="58" x="400" y="181" w="17" h="44" xoffs="2"/>
  <char code="59" x="379" y="181" w="20" h="44" xoffs="2"/>
  <char code="60" x="479" y="181" w="25" h="44" xoffs="2"/>
  <char code="61" x="227" y="181" w="27" h="44" xoffs="2"/>
  <char code="62" x="19" y="226" w="25" h="44" xoffs="2"/>
  <char code="63" x="74" y="226" w="23" h="44" xoffs="2"/>
  <char code="64" x="407" y="136" w="32" h="44" xoffs="2"/>
  <char code="65" x="39" y="1" w="32" h="44" xoffs="2"/>
  <char code="66" x="72" y="1" w="28" h="44" xoffs="2"/>
  <char code="67" x="101" y="1" w="28" h="44" xoffs="2"/>
  <char code="68" x="130" y="1" w="30" h="44" xoffs="2"/>
  <char code="69" x="161" y="1" w="26" h="44" xoffs="2"/>
  <char code="70" x="188" y="1" w="25" h="44" xoffs="2"/>
  <char code="71" x="214" y="1" w="30" h="44" xoffs="2"/>
  <char code="72" x="245" y="1" w="29" h="44" xoffs="2"/>
  <char code="73" x="275" y="1" w="27" h="44" xoffs="2"/>
  <char code="74" x="303" y="1" w="24" h="44" xoffs="2"/>
  <char code="75" x="328" y="1" w="29" h="44" xoffs="2"/>
  <char code="76" x="358" y="1" w="26" h="44" xoffs="2"/>
  <char code="77" x="385" y="1" w="31" h="44" xoffs="2"/>
  <char code="78" x="417" y="1" w="29" h="44" xoffs="2"/>
  <char code="79" x="447" y="1" w="31" h="44" xoffs="2"/>
  <char code="80" x="479" y="1" w="28" h="44" xoffs="2"/>
  <char code="81" x="1" y="46" w="32" h="44" xoffs="2"/>
  <char code="82" x="34" y="46" w="29" h="44" xoffs="2"/>
  <char code="83" x="64" y="46" w="29" h="44" xoffs="2"/>
  <char code="84" x="94" y="46" w="29" h="44" xoffs="2"/>
  <char code="85" x="124" y="46" w="29" h="44" xoffs="2"/>
  <char code="86" x="154" y="46" w="33" h="44" xoffs="2"/>
  <char code="87" x="188" y="46" w="31" h="44" xoffs="2"/>
  <char code="88" x="220" y="46" w="31" h="44" xoffs="2"/>
  <char code="89" x="252" y="46" w="31" h="44" xoffs="2"/>
  <char code="90" x="284" y="46" w="29" h="44" xoffs="2"/>
  <char code="91" x="285" y="181" w="20" h="44" xoffs="2"/>
  <char code="93" x="332" y="181" w="20" h="44" xoffs="2"/>
  <char code="94" x="33" y="181" w="29" h="44" xoffs="2"/>
  <char code="95" x="193" y="181" w="33" h="44" xoffs="2"/>
  <char code="97" x="314" y="46" w="27" h="44" xoffs="2"/>
  <char code="98" x="342" y="46" w="28" h="44" xoffs="2"/>
  <char code="99" x="371" y="46" w="26" h="44" xoffs="2"/>
  <char code="100" x="398" y="46" w="28" h="44" xoffs="2"/>
  <char code="101" x="427" y="46" w="29" h="44" xoffs="2"/>
  <char code="102" x="457" y="46" w="29" h="44" xoffs="2"/>
  <char code="103" x="1" y="91" w="29" h="44" xoffs="2"/>
  <char code="104" x="31" y="91" w="27" h="44" xoffs="2"/>
  <char code="105" x="59" y="91" w="27" h="44" xoffs="2"/>
  <char code="106" x="87" y="91" w="25" h="44" xoffs="2"/>
  <char code="107" x="113" y="91" w="29" h="44" xoffs="2"/>
  <char code="108" x="143" y="91" w="27" h="44" xoffs="2"/>
  <char code="109" x="171" y="91" w="30" h="44" xoffs="2"/>
  <char code="110" x="202" y="91" w="27" h="44" xoffs="2"/>
  <char code="111" x="230" y="91" w="29" h="44" xoffs="2"/>
  <char code="112" x="260" y="91" w="28" h="44" xoffs="2"/>
  <char code="113" x="289" y="91" w="28" h="44" xoffs="2"/>
  <char code="114" x="318" y="91" w="27" h="44" xoffs="2"/>
  <char code="115" x="346" y="91" w="26" h="44" xoffs="2"/>
  <char code="116" x="373" y="91" w="28" h="44" xoffs="2"/>
  <char code="117" x="402" y="91" w="27" h="44" xoffs="2"/>
  <char code="118" x="430" y="91" w="31" h="44" xoffs="2"/>
  <char code="119" x="462" y="91" w="32" h="44" xoffs="2"/>
  <char code="120" x="1" y="136" w="31" h="44" xoffs="2"/>
  <char code="121" x="33" y="136" w="31" h="44" xoffs="2"/>
  <char code="122" x="65" y="136" w="27" h="44" xoffs="2"/>
  <char code="123" x="306" y="181" w="25" h="44" xoffs="2"/>
  <char code="125" x="353" y="181" w="25" h="44" xoffs="2"/>
</SGL-BMF>
