<?xml version="1.0" encoding="UTF-8"?>

<SGL-BMF version="1.00">
  <name>gimp-42</name>
  <size>42</size>
  <italic>0</italic>
  <bold>0</bold>
  <block x="1" y="1" w="18" h="44" xoffs="2"/>
  <yoffs>45</yoffs>
  <chars>91</chars>
  <char code="32" x="21" y="1" w="18" h="44" xoffs="2"/>
  <char code="33" x="94" y="231" w="15" h="44" xoffs="2"/>
  <char code="34" x="277" y="277" w="23" h="44" xoffs="2"/>
  <char code="35" x="145" y="231" w="31" h="44" xoffs="2"/>
  <char code="36" x="178" y="231" w="29" h="44" xoffs="2"/>
  <char code="37" x="209" y="231" w="31" h="44" xoffs="2"/>
  <char code="38" x="273" y="231" w="32" h="44" xoffs="2"/>
  <char code="39" x="260" y="277" w="15" h="44" xoffs="2"/>
  <char code="40" x="335" y="231" w="22" h="44" xoffs="2"/>
  <char code="41" x="359" y="231" w="22" h="44" xoffs="2"/>
  <char code="42" x="307" y="231" w="26" h="44" xoffs="2"/>
  <char code="43" x="90" y="277" w="29" h="44" xoffs="2"/>
  <char code="44" x="302" y="277" w="20" h="44" xoffs="2"/>
  <char code="45" x="1" y="277" w="23" h="44" xoffs="2"/>
  <char code="46" x="351" y="277" w="17" h="44" xoffs="2"/>
  <char code="47" x="28" y="323" w="28" h="44" xoffs="2"/>
  <char code="48" x="163" y="185" w="31" h="44" xoffs="2"/>
  <char code="49" x="196" y="185" w="28" h="44" xoffs="2"/>
  <char code="50" x="226" y="185" w="28" h="44" xoffs="2"/>
  <char code="51" x="256" y="185" w="28" h="44" xoffs="2"/>
  <char code="52" x="286" y="185" w="31" h="44" xoffs="2"/>
  <char code="53" x="319" y="185" w="26" h="44" xoffs="2"/>
  <char code="54" x="347" y="185" w="29" h="44" xoffs="2"/>
  <char code="55" x="1" y="231" w="29" h="44" xoffs="2"/>
  <char code="56" x="32" y="231" w="29" h="44" xoffs="2"/>
  <char code="57" x="63" y="231" w="29" h="44" xoffs="2"/>
  <char code="58" x="241" y="277" w="17" h="44" xoffs="2"/>
  <char code="59" x="219" y="277" w="20" h="44" xoffs="2"/>
  <char code="60" x="324" y="277" w="25" h="44" xoffs="2"/>
  <char code="61" x="61" y="277" w="27" h="44" xoffs="2"/>
  <char code="62" x="1" y="323" w="25" h="44" xoffs="2"/>
  <char code="63" x="58" y="323" w="23" h="44" xoffs="2"/>
  <char code="64" x="111" y="231" w="32" h="44" xoffs="2"/>
  <char code="65" x="41" y="1" w="32" h="44" xoffs="2"/>
  <char code="66" x="75" y="1" w="28" h="44" xoffs="2"/>
  <char code="67" x="105" y="1" w="28" h="44" xoffs="2"/>
  <char code="68" x="135" y="1" w="30" h="44" xoffs="2"/>
  <char code="69" x="167" y="1" w="26" h="44" xoffs="2"/>
  <char code="70" x="195" y="1" w="25" h="44" xoffs="2"/>
  <char code="71" x="222" y="1" w="30" h="44" xoffs="2"/>
  <char code="72" x="254" y="1" w="29" h="44" xoffs="2"/>
  <char code="73" x="285" y="1" w="27" h="44" xoffs="2"/>
  <char code="74" x="314" y="1" w="24" h="44" xoffs="2"/>
  <char code="75" x="340" y="1" w="29" h="44" xoffs="2"/>
  <char code="76" x="1" y="47" w="26" h="44" xoffs="2"/>
  <char code="77" x="29" y="47" w="31" h="44" xoffs="2"/>
  <char code="78" x="62" y="47" w="29" h="44" xoffs="2"/>
  <char code="79" x="93" y="47" w="31" h="44" xoffs="2"/>
  <char code="80" x="126" y="47" w="28" h="44" xoffs="2"/>
  <char code="81" x="156" y="47" w="32" h="44" xoffs="2"/>
  <char code="82" x="190" y="47" w="29" h="44" xoffs="2"/>
  <char code="83" x="221" y="47" w="29" h="44" xoffs="2"/>
  <char code="84" x="252" y="47" w="29" h="44" xoffs="2"/>
  <char code="85" x="283" y="47" w="29" h="44" xoffs="2"/>
  <char code="86" x="314" y="47" w="33" h="44" xoffs="2"/>
  <char code="87" x="349" y="47" w="31" h="44" xoffs="2"/>
  <char code="88" x="1" y="93" w="31" h="44" xoffs="2"/>
  <char code="89" x="34" y="93" w="31" h="44" xoffs="2"/>
  <char code="90" x="67" y="93" w="29" h="44" xoffs="2"/>
  <char code="91" x="121" y="277" w="20" h="44" xoffs="2"/>
  <char code="93" x="170" y="277" w="20" h="44" xoffs="2"/>
  <char code="94" x="242" y="231" w="29" h="44" xoffs="2"/>
  <char code="95" x="26" y="277" w="33" h="44" xoffs="2"/>
  <char code="97" x="98" y="93" w="27" h="44" xoffs="2"/>
  <char code="98" x="127" y="93" w="28" h="44" xoffs="2"/>
  <char code="99" x="157" y="93" w="26" h="44" xoffs="2"/>
  <char code="100" x="185" y="93" w="28" h="44" xoffs="2"/>
  <char code="101" x="215" y="93" w="29" h="44" xoffs="2"/>
  <char code="102" x="246" y="93" w="29" h="44" xoffs="2"/>
  <char code="103" x="277" y="93" w="29" h="44" xoffs="2"/>
  <char code="104" x="308" y="93" w="27" h="44" xoffs="2"/>
  <char code="105" x="337" y="93" w="27" h="44" xoffs="2"/>
  <char code="106" x="1" y="139" w="25" h="44" xoffs="2"/>
  <char code="107" x="28" y="139" w="29" h="44" xoffs="2"/>
  <char code="108" x="59" y="139" w="27" h="44" xoffs="2"/>
  <char code="109" x="88" y="139" w="30" h="44" xoffs="2"/>
  <char code="110" x="120" y="139" w="27" h="44" xoffs="2"/>
  <char code="111" x="149" y="139" w="29" h="44" xoffs="2"/>
  <char code="112" x="180" y="139" w="28" h="44" xoffs="2"/>
  <char code="113" x="210" y="139" w="28" h="44" xoffs="2"/>
  <char code="114" x="240" y="139" w="27" h="44" xoffs="2"/>
  <char code="115" x="269" y="139" w="26" h="44" xoffs="2"/>
  <char code="116" x="297" y="139" w="28" h="44" xoffs="2"/>
  <char code="117" x="327" y="139" w="27" h="44" xoffs="2"/>
  <char code="118" x="1" y="185" w="31" h="44" xoffs="2"/>
  <char code="119" x="34" y="185" w="32" h="44" xoffs="2"/>
  <char code="120" x="68" y="185" w="31" h="44" xoffs="2"/>
  <char code="121" x="101" y="185" w="31" h="44" xoffs="2"/>
  <char code="122" x="134" y="185" w="27" h="44" xoffs="2"/>
  <char code="123" x="143" y="277" w="25" h="44" xoffs="2"/>
  <char code="125" x="192" y="277" w="25" h="44" xoffs="2"/>
</SGL-BMF>
