<?xml version="1.0" encoding="UTF-8"?>

<SGL-BMF version="1.00">
  <name>gimp-24</name>
  <size>24</size>
  <italic>0</italic>
  <bold>0</bold>
  <block x="1" y="1" w="12" h="26" xoffs="2"/>
  <yoffs>28</yoffs>
  <chars>91</chars>
  <char code="32" x="14" y="1" w="12" h="26" xoffs="2"/>
  <char code="33" x="232" y="109" w="10" h="26" xoffs="2"/>
  <char code="34" x="100" y="163" w="15" h="26" xoffs="2"/>
  <char code="35" x="22" y="136" w="20" h="26" xoffs="2"/>
  <char code="36" x="43" y="136" w="18" h="26" xoffs="2"/>
  <char code="37" x="62" y="136" w="19" h="26" xoffs="2"/>
  <char code="38" x="101" y="136" w="20" h="26" xoffs="2"/>
  <char code="39" x="89" y="163" w="10" h="26" xoffs="2"/>
  <char code="40" x="139" y="136" w="15" h="26" xoffs="2"/>
  <char code="41" x="155" y="136" w="14" h="26" xoffs="2"/>
  <char code="42" x="122" y="136" w="16" h="26" xoffs="2"/>
  <char code="43" x="225" y="136" w="18" h="26" xoffs="2"/>
  <char code="44" x="116" y="163" w="13" h="26" xoffs="2"/>
  <char code="45" x="170" y="136" w="14" h="26" xoffs="2"/>
  <char code="46" x="148" y="163" w="11" h="26" xoffs="2"/>
  <char code="47" x="178" y="163" w="18" h="26" xoffs="2"/>
  <char code="48" x="40" y="109" w="20" h="26" xoffs="2"/>
  <char code="49" x="61" y="109" w="18" h="26" xoffs="2"/>
  <char code="50" x="80" y="109" w="18" h="26" xoffs="2"/>
  <char code="51" x="99" y="109" w="18" h="26" xoffs="2"/>
  <char code="52" x="118" y="109" w="20" h="26" xoffs="2"/>
  <char code="53" x="139" y="109" w="16" h="26" xoffs="2"/>
  <char code="54" x="156" y="109" w="18" h="26" xoffs="2"/>
  <char code="55" x="175" y="109" w="18" h="26" xoffs="2"/>
  <char code="56" x="194" y="109" w="18" h="26" xoffs="2"/>
  <char code="57" x="213" y="109" w="18" h="26" xoffs="2"/>
  <char code="58" x="77" y="163" w="11" h="26" xoffs="2"/>
  <char code="59" x="63" y="163" w="13" h="26" xoffs="2"/>
  <char code="60" x="130" y="163" w="17" h="26" xoffs="2"/>
  <char code="61" x="207" y="136" w="17" h="26" xoffs="2"/>
  <char code="62" x="160" y="163" w="17" h="26" xoffs="2"/>
  <char code="63" x="197" y="163" w="14" h="26" xoffs="2"/>
  <char code="64" x="1" y="136" w="20" h="26" xoffs="2"/>
  <char code="65" x="27" y="1" w="21" h="26" xoffs="2"/>
  <char code="66" x="49" y="1" w="18" h="26" xoffs="2"/>
  <char code="67" x="68" y="1" w="18" h="26" xoffs="2"/>
  <char code="68" x="87" y="1" w="19" h="26" xoffs="2"/>
  <char code="69" x="107" y="1" w="17" h="26" xoffs="2"/>
  <char code="70" x="125" y="1" w="16" h="26" xoffs="2"/>
  <char code="71" x="142" y="1" w="19" h="26" xoffs="2"/>
  <char code="72" x="162" y="1" w="18" h="26" xoffs="2"/>
  <char code="73" x="181" y="1" w="17" h="26" xoffs="2"/>
  <char code="74" x="199" y="1" w="15" h="26" xoffs="2"/>
  <char code="75" x="215" y="1" w="18" h="26" xoffs="2"/>
  <char code="76" x="234" y="1" w="16" h="26" xoffs="2"/>
  <char code="77" x="1" y="28" w="20" h="26" xoffs="2"/>
  <char code="78" x="22" y="28" w="19" h="26" xoffs="2"/>
  <char code="79" x="42" y="28" w="20" h="26" xoffs="2"/>
  <char code="80" x="63" y="28" w="17" h="26" xoffs="2"/>
  <char code="81" x="81" y="28" w="20" h="26" xoffs="2"/>
  <char code="82" x="102" y="28" w="19" h="26" xoffs="2"/>
  <char code="83" x="122" y="28" w="19" h="26" xoffs="2"/>
  <char code="84" x="142" y="28" w="18" h="26" xoffs="2"/>
  <char code="85" x="161" y="28" w="18" h="26" xoffs="2"/>
  <char code="86" x="180" y="28" w="21" h="26" xoffs="2"/>
  <char code="87" x="202" y="28" w="20" h="26" xoffs="2"/>
  <char code="88" x="223" y="28" w="19" h="26" xoffs="2"/>
  <char code="89" x="1" y="55" w="20" h="26" xoffs="2"/>
  <char code="90" x="22" y="55" w="18" h="26" xoffs="2"/>
  <char code="91" x="1" y="163" w="13" h="26" xoffs="2"/>
  <char code="93" x="32" y="163" w="13" h="26" xoffs="2"/>
  <char code="94" x="82" y="136" w="18" h="26" xoffs="2"/>
  <char code="95" x="185" y="136" w="21" h="26" xoffs="2"/>
  <char code="97" x="41" y="55" w="17" h="26" xoffs="2"/>
  <char code="98" x="59" y="55" w="18" h="26" xoffs="2"/>
  <char code="99" x="78" y="55" w="16" h="26" xoffs="2"/>
  <char code="100" x="95" y="55" w="18" h="26" xoffs="2"/>
  <char code="101" x="114" y="55" w="18" h="26" xoffs="2"/>
  <char code="102" x="133" y="55" w="19" h="26" xoffs="2"/>
  <char code="103" x="153" y="55" w="18" h="26" xoffs="2"/>
  <char code="104" x="172" y="55" w="17" h="26" xoffs="2"/>
  <char code="105" x="190" y="55" w="17" h="26" xoffs="2"/>
  <char code="106" x="208" y="55" w="16" h="26" xoffs="2"/>
  <char code="107" x="225" y="55" w="18" h="26" xoffs="2"/>
  <char code="108" x="1" y="82" w="17" h="26" xoffs="2"/>
  <char code="109" x="19" y="82" w="19" h="26" xoffs="2"/>
  <char code="110" x="39" y="82" w="17" h="26" xoffs="2"/>
  <char code="111" x="57" y="82" w="18" h="26" xoffs="2"/>
  <char code="112" x="76" y="82" w="18" h="26" xoffs="2"/>
  <char code="113" x="95" y="82" w="18" h="26" xoffs="2"/>
  <char code="114" x="114" y="82" w="17" h="26" xoffs="2"/>
  <char code="115" x="132" y="82" w="17" h="26" xoffs="2"/>
  <char code="116" x="150" y="82" w="18" h="26" xoffs="2"/>
  <char code="117" x="169" y="82" w="17" h="26" xoffs="2"/>
  <char code="118" x="187" y="82" w="20" h="26" xoffs="2"/>
  <char code="119" x="208" y="82" w="20" h="26" xoffs="2"/>
  <char code="120" x="229" y="82" w="19" h="26" xoffs="2"/>
  <char code="121" x="1" y="109" w="20" h="26" xoffs="2"/>
  <char code="122" x="22" y="109" w="17" h="26" xoffs="2"/>
  <char code="123" x="15" y="163" w="16" h="26" xoffs="2"/>
  <char code="125" x="46" y="163" w="16" h="26" xoffs="2"/>
</SGL-BMF>
