<?xml version="1.0" encoding="UTF-8"?>

<SGL-BMF version="1.00">
  <name>Arial</name>
  <size>12</size>
  <italic>0</italic>
  <bold>0</bold>
  <block x="1" y="1" w="4" h="18" xoffs="1"/>
  <yoffs>19</yoffs>
  <chars>497</chars>
  <char code="32" x="5" y="1" w="4" h="18" xoffs="1"/>
  <char code="33" x="9" y="1" w="5" h="18" xoffs="1"/>
  <char code="34" x="14" y="1" w="6" h="18" xoffs="1"/>
  <char code="35" x="20" y="1" w="9" h="18" xoffs="1"/>
  <char code="36" x="29" y="1" w="9" h="18" xoffs="1"/>
  <char code="37" x="38" y="1" w="14" h="18" xoffs="1"/>
  <char code="38" x="52" y="1" w="11" h="18" xoffs="1"/>
  <char code="39" x="63" y="1" w="3" h="18" xoffs="1"/>
  <char code="40" x="66" y="1" w="5" h="18" xoffs="1"/>
  <char code="41" x="71" y="1" w="5" h="18" xoffs="1"/>
  <char code="42" x="76" y="1" w="6" h="18" xoffs="1"/>
  <char code="43" x="82" y="1" w="9" h="18" xoffs="1"/>
  <char code="44" x="91" y="1" w="4" h="18" xoffs="1"/>
  <char code="45" x="95" y="1" w="5" h="18" xoffs="1"/>
  <char code="46" x="100" y="1" w="4" h="18" xoffs="1"/>
  <char code="47" x="104" y="1" w="4" h="18" xoffs="1"/>
  <char code="48" x="108" y="1" w="9" h="18" xoffs="1"/>
  <char code="49" x="117" y="1" w="9" h="18" xoffs="1"/>
  <char code="50" x="126" y="1" w="9" h="18" xoffs="1"/>
  <char code="51" x="135" y="1" w="9" h="18" xoffs="1"/>
  <char code="52" x="144" y="1" w="9" h="18" xoffs="1"/>
  <char code="53" x="153" y="1" w="9" h="18" xoffs="1"/>
  <char code="54" x="162" y="1" w="9" h="18" xoffs="1"/>
  <char code="55" x="171" y="1" w="9" h="18" xoffs="1"/>
  <char code="56" x="180" y="1" w="9" h="18" xoffs="1"/>
  <char code="57" x="189" y="1" w="9" h="18" xoffs="1"/>
  <char code="58" x="198" y="1" w="4" h="18" xoffs="1"/>
  <char code="59" x="202" y="1" w="4" h="18" xoffs="1"/>
  <char code="60" x="206" y="1" w="9" h="18" xoffs="1"/>
  <char code="61" x="215" y="1" w="9" h="18" xoffs="1"/>
  <char code="62" x="224" y="1" w="9" h="18" xoffs="1"/>
  <char code="63" x="233" y="1" w="9" h="18" xoffs="1"/>
  <char code="64" x="242" y="1" w="16" h="18" xoffs="1"/>
  <char code="65" x="258" y="1" w="11" h="18" xoffs="1"/>
  <char code="66" x="269" y="1" w="11" h="18" xoffs="1"/>
  <char code="67" x="280" y="1" w="12" h="18" xoffs="1"/>
  <char code="68" x="292" y="1" w="12" h="18" xoffs="1"/>
  <char code="69" x="304" y="1" w="11" h="18" xoffs="1"/>
  <char code="70" x="315" y="1" w="10" h="18" xoffs="1"/>
  <char code="71" x="325" y="1" w="12" h="18" xoffs="1"/>
  <char code="72" x="337" y="1" w="11" h="18" xoffs="1"/>
  <char code="73" x="348" y="1" w="3" h="18" xoffs="1"/>
  <char code="74" x="351" y="1" w="8" h="18" xoffs="1"/>
  <char code="75" x="359" y="1" w="11" h="18" xoffs="1"/>
  <char code="76" x="370" y="1" w="9" h="18" xoffs="1"/>
  <char code="77" x="1" y="19" w="13" h="18" xoffs="1"/>
  <char code="78" x="14" y="19" w="11" h="18" xoffs="1"/>
  <char code="79" x="25" y="19" w="12" h="18" xoffs="1"/>
  <char code="80" x="37" y="19" w="11" h="18" xoffs="1"/>
  <char code="81" x="48" y="19" w="12" h="18" xoffs="1"/>
  <char code="82" x="60" y="19" w="11" h="18" xoffs="1"/>
  <char code="83" x="71" y="19" w="11" h="18" xoffs="1"/>
  <char code="84" x="82" y="19" w="9" h="18" xoffs="1"/>
  <char code="85" x="91" y="19" w="11" h="18" xoffs="1"/>
  <char code="86" x="102" y="19" w="11" h="18" xoffs="1"/>
  <char code="87" x="113" y="19" w="15" h="18" xoffs="1"/>
  <char code="88" x="128" y="19" w="11" h="18" xoffs="1"/>
  <char code="89" x="139" y="19" w="9" h="18" xoffs="1"/>
  <char code="90" x="148" y="19" w="9" h="18" xoffs="1"/>
  <char code="91" x="157" y="19" w="4" h="18" xoffs="1"/>
  <char code="92" x="161" y="19" w="4" h="18" xoffs="1"/>
  <char code="93" x="165" y="19" w="4" h="18" xoffs="1"/>
  <char code="94" x="169" y="19" w="7" h="18" xoffs="1"/>
  <char code="95" x="176" y="19" w="9" h="18" xoffs="1"/>
  <char code="96" x="185" y="19" w="5" h="18" xoffs="1"/>
  <char code="97" x="190" y="19" w="9" h="18" xoffs="1"/>
  <char code="98" x="199" y="19" w="9" h="18" xoffs="1"/>
  <char code="99" x="208" y="19" w="8" h="18" xoffs="1"/>
  <char code="100" x="216" y="19" w="9" h="18" xoffs="1"/>
  <char code="101" x="225" y="19" w="9" h="18" xoffs="1"/>
  <char code="102" x="234" y="19" w="4" h="18" xoffs="1"/>
  <char code="103" x="238" y="19" w="9" h="18" xoffs="1"/>
  <char code="104" x="247" y="19" w="8" h="18" xoffs="1"/>
  <char code="105" x="255" y="19" w="4" h="18" xoffs="1"/>
  <char code="106" x="259" y="19" w="3" h="18" xoffs="1"/>
  <char code="107" x="262" y="19" w="8" h="18" xoffs="1"/>
  <char code="108" x="270" y="19" w="3" h="18" xoffs="1"/>
  <char code="109" x="273" y="19" w="13" h="18" xoffs="1"/>
  <char code="110" x="286" y="19" w="8" h="18" xoffs="1"/>
  <char code="111" x="294" y="19" w="9" h="18" xoffs="1"/>
  <char code="112" x="303" y="19" w="9" h="18" xoffs="1"/>
  <char code="113" x="312" y="19" w="9" h="18" xoffs="1"/>
  <char code="114" x="321" y="19" w="5" h="18" xoffs="1"/>
  <char code="115" x="326" y="19" w="8" h="18" xoffs="1"/>
  <char code="116" x="334" y="19" w="4" h="18" xoffs="1"/>
  <char code="117" x="338" y="19" w="8" h="18" xoffs="1"/>
  <char code="118" x="346" y="19" w="7" h="18" xoffs="1"/>
  <char code="119" x="353" y="19" w="11" h="18" xoffs="1"/>
  <char code="120" x="364" y="19" w="7" h="18" xoffs="1"/>
  <char code="121" x="371" y="19" w="7" h="18" xoffs="1"/>
  <char code="122" x="1" y="37" w="7" h="18" xoffs="1"/>
  <char code="123" x="8" y="37" w="5" h="18" xoffs="1"/>
  <char code="124" x="13" y="37" w="3" h="18" xoffs="1"/>
  <char code="125" x="16" y="37" w="5" h="18" xoffs="1"/>
  <char code="126" x="21" y="37" w="9" h="18" xoffs="1"/>
  <char code="127" x="30" y="37" w="12" h="18" xoffs="1"/>
  <char code="128" x="42" y="37" w="0" h="18" xoffs="1"/>
  <char code="880" x="42" y="37" w="9" h="18" xoffs="1"/>
  <char code="881" x="51" y="37" w="8" h="18" xoffs="1"/>
  <char code="882" x="59" y="37" w="10" h="18" xoffs="1"/>
  <char code="883" x="69" y="37" w="7" h="18" xoffs="1"/>
  <char code="884" x="76" y="37" w="5" h="18" xoffs="1"/>
  <char code="885" x="81" y="37" w="5" h="18" xoffs="1"/>
  <char code="886" x="86" y="37" w="12" h="18" xoffs="1"/>
  <char code="887" x="98" y="37" w="9" h="18" xoffs="1"/>
  <char code="888" x="107" y="37" w="12" h="18" xoffs="1"/>
  <char code="889" x="119" y="37" w="12" h="18" xoffs="1"/>
  <char code="890" x="131" y="37" w="5" h="18" xoffs="1"/>
  <char code="891" x="136" y="37" w="8" h="18" xoffs="1"/>
  <char code="892" x="144" y="37" w="8" h="18" xoffs="1"/>
  <char code="893" x="152" y="37" w="8" h="18" xoffs="1"/>
  <char code="894" x="160" y="37" w="4" h="18" xoffs="1"/>
  <char code="895" x="164" y="37" w="8" h="18" xoffs="1"/>
  <char code="896" x="172" y="37" w="12" h="18" xoffs="1"/>
  <char code="897" x="184" y="37" w="12" h="18" xoffs="1"/>
  <char code="898" x="196" y="37" w="12" h="18" xoffs="1"/>
  <char code="899" x="208" y="37" w="12" h="18" xoffs="1"/>
  <char code="900" x="220" y="37" w="5" h="18" xoffs="1"/>
  <char code="901" x="225" y="37" w="5" h="18" xoffs="1"/>
  <char code="902" x="230" y="37" w="11" h="18" xoffs="1"/>
  <char code="903" x="241" y="37" w="3" h="18" xoffs="1"/>
  <char code="904" x="244" y="37" w="13" h="18" xoffs="1"/>
  <char code="905" x="257" y="37" w="13" h="18" xoffs="1"/>
  <char code="906" x="270" y="37" w="6" h="18" xoffs="1"/>
  <char code="907" x="276" y="37" w="12" h="18" xoffs="1"/>
  <char code="908" x="288" y="37" w="12" h="18" xoffs="1"/>
  <char code="909" x="300" y="37" w="12" h="18" xoffs="1"/>
  <char code="910" x="312" y="37" w="12" h="18" xoffs="1"/>
  <char code="911" x="324" y="37" w="12" h="18" xoffs="1"/>
  <char code="912" x="336" y="37" w="3" h="18" xoffs="1"/>
  <char code="913" x="339" y="37" w="11" h="18" xoffs="1"/>
  <char code="914" x="350" y="37" w="11" h="18" xoffs="1"/>
  <char code="915" x="361" y="37" w="9" h="18" xoffs="1"/>
  <char code="916" x="370" y="37" w="11" h="18" xoffs="1"/>
  <char code="917" x="1" y="55" w="11" h="18" xoffs="1"/>
  <char code="918" x="12" y="55" w="9" h="18" xoffs="1"/>
  <char code="919" x="21" y="55" w="11" h="18" xoffs="1"/>
  <char code="920" x="32" y="55" w="12" h="18" xoffs="1"/>
  <char code="921" x="44" y="55" w="3" h="18" xoffs="1"/>
  <char code="922" x="47" y="55" w="11" h="18" xoffs="1"/>
  <char code="923" x="58" y="55" w="11" h="18" xoffs="1"/>
  <char code="924" x="69" y="55" w="13" h="18" xoffs="1"/>
  <char code="925" x="82" y="55" w="11" h="18" xoffs="1"/>
  <char code="926" x="93" y="55" w="10" h="18" xoffs="1"/>
  <char code="927" x="103" y="55" w="12" h="18" xoffs="1"/>
  <char code="928" x="115" y="55" w="11" h="18" xoffs="1"/>
  <char code="929" x="126" y="55" w="11" h="18" xoffs="1"/>
  <char code="930" x="137" y="55" w="12" h="18" xoffs="1"/>
  <char code="931" x="149" y="55" w="10" h="18" xoffs="1"/>
  <char code="932" x="159" y="55" w="9" h="18" xoffs="1"/>
  <char code="933" x="168" y="55" w="9" h="18" xoffs="1"/>
  <char code="934" x="177" y="55" w="11" h="18" xoffs="1"/>
  <char code="935" x="188" y="55" w="11" h="18" xoffs="1"/>
  <char code="936" x="199" y="55" w="11" h="18" xoffs="1"/>
  <char code="937" x="210" y="55" w="12" h="18" xoffs="1"/>
  <char code="938" x="222" y="55" w="3" h="18" xoffs="1"/>
  <char code="939" x="225" y="55" w="9" h="18" xoffs="1"/>
  <char code="940" x="234" y="55" w="9" h="18" xoffs="1"/>
  <char code="941" x="243" y="55" w="7" h="18" xoffs="1"/>
  <char code="942" x="250" y="55" w="8" h="18" xoffs="1"/>
  <char code="943" x="258" y="55" w="3" h="18" xoffs="1"/>
  <char code="944" x="261" y="55" w="8" h="18" xoffs="1"/>
  <char code="945" x="269" y="55" w="9" h="18" xoffs="1"/>
  <char code="946" x="278" y="55" w="9" h="18" xoffs="1"/>
  <char code="947" x="287" y="55" w="8" h="18" xoffs="1"/>
  <char code="948" x="295" y="55" w="9" h="18" xoffs="1"/>
  <char code="949" x="304" y="55" w="7" h="18" xoffs="1"/>
  <char code="950" x="311" y="55" w="7" h="18" xoffs="1"/>
  <char code="951" x="318" y="55" w="8" h="18" xoffs="1"/>
  <char code="952" x="326" y="55" w="9" h="18" xoffs="1"/>
  <char code="953" x="335" y="55" w="3" h="18" xoffs="1"/>
  <char code="954" x="338" y="55" w="8" h="18" xoffs="1"/>
  <char code="955" x="346" y="55" w="8" h="18" xoffs="1"/>
  <char code="956" x="354" y="55" w="9" h="18" xoffs="1"/>
  <char code="957" x="363" y="55" w="7" h="18" xoffs="1"/>
  <char code="958" x="370" y="55" w="7" h="18" xoffs="1"/>
  <char code="959" x="1" y="73" w="9" h="18" xoffs="1"/>
  <char code="960" x="10" y="73" w="11" h="18" xoffs="1"/>
  <char code="961" x="21" y="73" w="9" h="18" xoffs="1"/>
  <char code="962" x="30" y="73" w="8" h="18" xoffs="1"/>
  <char code="963" x="38" y="73" w="10" h="18" xoffs="1"/>
  <char code="964" x="48" y="73" w="5" h="18" xoffs="1"/>
  <char code="965" x="53" y="73" w="8" h="18" xoffs="1"/>
  <char code="966" x="61" y="73" w="10" h="18" xoffs="1"/>
  <char code="967" x="71" y="73" w="8" h="18" xoffs="1"/>
  <char code="968" x="79" y="73" w="11" h="18" xoffs="1"/>
  <char code="969" x="90" y="73" w="13" h="18" xoffs="1"/>
  <char code="970" x="103" y="73" w="3" h="18" xoffs="1"/>
  <char code="971" x="106" y="73" w="8" h="18" xoffs="1"/>
  <char code="972" x="114" y="73" w="9" h="18" xoffs="1"/>
  <char code="973" x="123" y="73" w="8" h="18" xoffs="1"/>
  <char code="974" x="131" y="73" w="13" h="18" xoffs="1"/>
  <char code="975" x="144" y="73" w="11" h="18" xoffs="1"/>
  <char code="976" x="155" y="73" w="9" h="18" xoffs="1"/>
  <char code="977" x="164" y="73" w="9" h="18" xoffs="1"/>
  <char code="978" x="173" y="73" w="12" h="18" xoffs="1"/>
  <char code="979" x="185" y="73" w="15" h="18" xoffs="1"/>
  <char code="980" x="200" y="73" w="12" h="18" xoffs="1"/>
  <char code="981" x="212" y="73" w="9" h="18" xoffs="1"/>
  <char code="982" x="221" y="73" w="13" h="18" xoffs="1"/>
  <char code="983" x="234" y="73" w="10" h="18" xoffs="1"/>
  <char code="984" x="244" y="73" w="12" h="18" xoffs="1"/>
  <char code="985" x="256" y="73" w="9" h="18" xoffs="1"/>
  <char code="986" x="265" y="73" w="12" h="18" xoffs="1"/>
  <char code="987" x="277" y="73" w="8" h="18" xoffs="1"/>
  <char code="988" x="285" y="73" w="10" h="18" xoffs="1"/>
  <char code="989" x="295" y="73" w="6" h="18" xoffs="1"/>
  <char code="990" x="301" y="73" w="10" h="18" xoffs="1"/>
  <char code="991" x="311" y="73" w="8" h="18" xoffs="1"/>
  <char code="992" x="319" y="73" w="12" h="18" xoffs="1"/>
  <char code="993" x="331" y="73" w="9" h="18" xoffs="1"/>
  <char code="994" x="340" y="73" w="14" h="18" xoffs="1"/>
  <char code="995" x="354" y="73" w="13" h="18" xoffs="1"/>
  <char code="996" x="367" y="73" w="11" h="18" xoffs="1"/>
  <char code="997" x="1" y="91" w="9" h="18" xoffs="1"/>
  <char code="998" x="10" y="91" w="11" h="18" xoffs="1"/>
  <char code="999" x="21" y="91" w="8" h="18" xoffs="1"/>
  <char code="1000" x="29" y="91" w="11" h="18" xoffs="1"/>
  <char code="1001" x="40" y="91" w="11" h="18" xoffs="1"/>
  <char code="1002" x="51" y="91" w="10" h="18" xoffs="1"/>
  <char code="1003" x="61" y="91" w="10" h="18" xoffs="1"/>
  <char code="1004" x="71" y="91" w="12" h="18" xoffs="1"/>
  <char code="1005" x="83" y="91" w="9" h="18" xoffs="1"/>
  <char code="1006" x="92" y="91" w="7" h="18" xoffs="1"/>
  <char code="1007" x="99" y="91" w="7" h="18" xoffs="1"/>
  <char code="1008" x="106" y="91" w="10" h="18" xoffs="1"/>
  <char code="1009" x="116" y="91" w="9" h="18" xoffs="1"/>
  <char code="1010" x="125" y="91" w="8" h="18" xoffs="1"/>
  <char code="1011" x="133" y="91" w="3" h="18" xoffs="1"/>
  <char code="1012" x="136" y="91" w="12" h="18" xoffs="1"/>
  <char code="1013" x="148" y="91" w="7" h="18" xoffs="1"/>
  <char code="1014" x="155" y="91" w="7" h="18" xoffs="1"/>
  <char code="1015" x="162" y="91" w="11" h="18" xoffs="1"/>
  <char code="1016" x="173" y="91" w="9" h="18" xoffs="1"/>
  <char code="1017" x="182" y="91" w="12" h="18" xoffs="1"/>
  <char code="1018" x="194" y="91" w="13" h="18" xoffs="1"/>
  <char code="1019" x="207" y="91" w="11" h="18" xoffs="1"/>
  <char code="1020" x="218" y="91" w="9" h="18" xoffs="1"/>
  <char code="1021" x="227" y="91" w="12" h="18" xoffs="1"/>
  <char code="1022" x="239" y="91" w="12" h="18" xoffs="1"/>
  <char code="1023" x="251" y="91" w="12" h="18" xoffs="1"/>
  <char code="1024" x="263" y="91" w="11" h="18" xoffs="1"/>
  <char code="1025" x="274" y="91" w="11" h="18" xoffs="1"/>
  <char code="1026" x="285" y="91" w="14" h="18" xoffs="1"/>
  <char code="1027" x="299" y="91" w="9" h="18" xoffs="1"/>
  <char code="1028" x="308" y="91" w="12" h="18" xoffs="1"/>
  <char code="1029" x="320" y="91" w="11" h="18" xoffs="1"/>
  <char code="1030" x="331" y="91" w="3" h="18" xoffs="1"/>
  <char code="1031" x="334" y="91" w="3" h="18" xoffs="1"/>
  <char code="1032" x="337" y="91" w="8" h="18" xoffs="1"/>
  <char code="1033" x="345" y="91" w="17" h="18" xoffs="1"/>
  <char code="1034" x="362" y="91" w="16" h="18" xoffs="1"/>
  <char code="1035" x="1" y="109" w="13" h="18" xoffs="1"/>
  <char code="1036" x="14" y="109" w="9" h="18" xoffs="1"/>
  <char code="1037" x="23" y="109" w="12" h="18" xoffs="1"/>
  <char code="1038" x="35" y="109" w="10" h="18" xoffs="1"/>
  <char code="1039" x="45" y="109" w="12" h="18" xoffs="1"/>
  <char code="1040" x="57" y="109" w="11" h="18" xoffs="1"/>
  <char code="1041" x="68" y="109" w="11" h="18" xoffs="1"/>
  <char code="1042" x="79" y="109" w="11" h="18" xoffs="1"/>
  <char code="1043" x="90" y="109" w="9" h="18" xoffs="1"/>
  <char code="1044" x="99" y="109" w="11" h="18" xoffs="1"/>
  <char code="1045" x="110" y="109" w="11" h="18" xoffs="1"/>
  <char code="1046" x="121" y="109" w="14" h="18" xoffs="1"/>
  <char code="1047" x="135" y="109" w="10" h="18" xoffs="1"/>
  <char code="1048" x="145" y="109" w="12" h="18" xoffs="1"/>
  <char code="1049" x="157" y="109" w="12" h="18" xoffs="1"/>
  <char code="1050" x="169" y="109" w="9" h="18" xoffs="1"/>
  <char code="1051" x="178" y="109" w="11" h="18" xoffs="1"/>
  <char code="1052" x="189" y="109" w="13" h="18" xoffs="1"/>
  <char code="1053" x="202" y="109" w="11" h="18" xoffs="1"/>
  <char code="1054" x="213" y="109" w="12" h="18" xoffs="1"/>
  <char code="1055" x="225" y="109" w="11" h="18" xoffs="1"/>
  <char code="1056" x="236" y="109" w="11" h="18" xoffs="1"/>
  <char code="1057" x="247" y="109" w="12" h="18" xoffs="1"/>
  <char code="1058" x="259" y="109" w="9" h="18" xoffs="1"/>
  <char code="1059" x="268" y="109" w="10" h="18" xoffs="1"/>
  <char code="1060" x="278" y="109" w="11" h="18" xoffs="1"/>
  <char code="1061" x="289" y="109" w="11" h="18" xoffs="1"/>
  <char code="1062" x="300" y="109" w="12" h="18" xoffs="1"/>
  <char code="1063" x="312" y="109" w="10" h="18" xoffs="1"/>
  <char code="1064" x="322" y="109" w="13" h="18" xoffs="1"/>
  <char code="1065" x="335" y="109" w="14" h="18" xoffs="1"/>
  <char code="1066" x="349" y="109" w="13" h="18" xoffs="1"/>
  <char code="1067" x="362" y="109" w="14" h="18" xoffs="1"/>
  <char code="1068" x="1" y="127" w="11" h="18" xoffs="1"/>
  <char code="1069" x="12" y="127" w="12" h="18" xoffs="1"/>
  <char code="1070" x="24" y="127" w="16" h="18" xoffs="1"/>
  <char code="1071" x="40" y="127" w="12" h="18" xoffs="1"/>
  <char code="1072" x="52" y="127" w="9" h="18" xoffs="1"/>
  <char code="1073" x="61" y="127" w="9" h="18" xoffs="1"/>
  <char code="1074" x="70" y="127" w="9" h="18" xoffs="1"/>
  <char code="1075" x="79" y="127" w="6" h="18" xoffs="1"/>
  <char code="1076" x="85" y="127" w="9" h="18" xoffs="1"/>
  <char code="1077" x="94" y="127" w="9" h="18" xoffs="1"/>
  <char code="1078" x="103" y="127" w="10" h="18" xoffs="1"/>
  <char code="1079" x="113" y="127" w="7" h="18" xoffs="1"/>
  <char code="1080" x="120" y="127" w="8" h="18" xoffs="1"/>
  <char code="1081" x="128" y="127" w="8" h="18" xoffs="1"/>
  <char code="1082" x="136" y="127" w="7" h="18" xoffs="1"/>
  <char code="1083" x="143" y="127" w="8" h="18" xoffs="1"/>
  <char code="1084" x="151" y="127" w="11" h="18" xoffs="1"/>
  <char code="1085" x="162" y="127" w="8" h="18" xoffs="1"/>
  <char code="1086" x="170" y="127" w="9" h="18" xoffs="1"/>
  <char code="1087" x="179" y="127" w="8" h="18" xoffs="1"/>
  <char code="1088" x="187" y="127" w="9" h="18" xoffs="1"/>
  <char code="1089" x="196" y="127" w="8" h="18" xoffs="1"/>
  <char code="1090" x="204" y="127" w="7" h="18" xoffs="1"/>
  <char code="1091" x="211" y="127" w="7" h="18" xoffs="1"/>
  <char code="1092" x="218" y="127" w="13" h="18" xoffs="1"/>
  <char code="1093" x="231" y="127" w="7" h="18" xoffs="1"/>
  <char code="1094" x="238" y="127" w="9" h="18" xoffs="1"/>
  <char code="1095" x="247" y="127" w="8" h="18" xoffs="1"/>
  <char code="1096" x="255" y="127" w="11" h="18" xoffs="1"/>
  <char code="1097" x="266" y="127" w="11" h="18" xoffs="1"/>
  <char code="1098" x="277" y="127" w="10" h="18" xoffs="1"/>
  <char code="1099" x="287" y="127" w="12" h="18" xoffs="1"/>
  <char code="1100" x="299" y="127" w="9" h="18" xoffs="1"/>
  <char code="1101" x="308" y="127" w="8" h="18" xoffs="1"/>
  <char code="1102" x="316" y="127" w="12" h="18" xoffs="1"/>
  <char code="1103" x="328" y="127" w="9" h="18" xoffs="1"/>
  <char code="1104" x="337" y="127" w="9" h="18" xoffs="1"/>
  <char code="1105" x="346" y="127" w="9" h="18" xoffs="1"/>
  <char code="1106" x="355" y="127" w="8" h="18" xoffs="1"/>
  <char code="1107" x="363" y="127" w="6" h="18" xoffs="1"/>
  <char code="1108" x="369" y="127" w="8" h="18" xoffs="1"/>
  <char code="1109" x="1" y="145" w="8" h="18" xoffs="1"/>
  <char code="1110" x="9" y="145" w="4" h="18" xoffs="1"/>
  <char code="1111" x="13" y="145" w="3" h="18" xoffs="1"/>
  <char code="1112" x="16" y="145" w="3" h="18" xoffs="1"/>
  <char code="1113" x="19" y="145" w="15" h="18" xoffs="1"/>
  <char code="1114" x="34" y="145" w="13" h="18" xoffs="1"/>
  <char code="1115" x="47" y="145" w="8" h="18" xoffs="1"/>
  <char code="1116" x="55" y="145" w="7" h="18" xoffs="1"/>
  <char code="1117" x="62" y="145" w="8" h="18" xoffs="1"/>
  <char code="1118" x="70" y="145" w="7" h="18" xoffs="1"/>
  <char code="1119" x="77" y="145" w="8" h="18" xoffs="1"/>
  <char code="1120" x="85" y="145" w="21" h="18" xoffs="1"/>
  <char code="1121" x="106" y="145" w="10" h="18" xoffs="1"/>
  <char code="1122" x="116" y="145" w="12" h="18" xoffs="1"/>
  <char code="1123" x="128" y="145" w="10" h="18" xoffs="1"/>
  <char code="1124" x="138" y="145" w="15" h="18" xoffs="1"/>
  <char code="1125" x="153" y="145" w="11" h="18" xoffs="1"/>
  <char code="1126" x="164" y="145" w="11" h="18" xoffs="1"/>
  <char code="1127" x="175" y="145" w="8" h="18" xoffs="1"/>
  <char code="1128" x="183" y="145" w="14" h="18" xoffs="1"/>
  <char code="1129" x="197" y="145" w="11" h="18" xoffs="1"/>
  <char code="1130" x="208" y="145" w="13" h="18" xoffs="1"/>
  <char code="1131" x="221" y="145" w="11" h="18" xoffs="1"/>
  <char code="1132" x="232" y="145" w="17" h="18" xoffs="1"/>
  <char code="1133" x="249" y="145" w="14" h="18" xoffs="1"/>
  <char code="1134" x="263" y="145" w="10" h="18" xoffs="1"/>
  <char code="1135" x="273" y="145" w="7" h="18" xoffs="1"/>
  <char code="1136" x="280" y="145" w="13" h="18" xoffs="1"/>
  <char code="1137" x="293" y="145" w="11" h="18" xoffs="1"/>
  <char code="1138" x="304" y="145" w="12" h="18" xoffs="1"/>
  <char code="1139" x="316" y="145" w="9" h="18" xoffs="1"/>
  <char code="1140" x="325" y="145" w="13" h="18" xoffs="1"/>
  <char code="1141" x="338" y="145" w="10" h="18" xoffs="1"/>
  <char code="1142" x="348" y="145" w="13" h="18" xoffs="1"/>
  <char code="1143" x="361" y="145" w="10" h="18" xoffs="1"/>
  <char code="1144" x="1" y="163" w="17" h="18" xoffs="1"/>
  <char code="1145" x="18" y="163" w="14" h="18" xoffs="1"/>
  <char code="1146" x="32" y="163" w="13" h="18" xoffs="1"/>
  <char code="1147" x="45" y="163" w="10" h="18" xoffs="1"/>
  <char code="1148" x="55" y="163" w="19" h="18" xoffs="1"/>
  <char code="1149" x="74" y="163" w="14" h="18" xoffs="1"/>
  <char code="1150" x="88" y="163" w="21" h="18" xoffs="1"/>
  <char code="1151" x="109" y="163" w="10" h="18" xoffs="1"/>
  <char code="1152" x="119" y="163" w="12" h="18" xoffs="1"/>
  <char code="1153" x="131" y="163" w="8" h="18" xoffs="1"/>
  <char code="1154" x="139" y="163" w="8" h="18" xoffs="1"/>
  <char code="1155" x="147" y="163" w="0" h="18" xoffs="1"/>
  <char code="1156" x="147" y="163" w="0" h="18" xoffs="1"/>
  <char code="1157" x="147" y="163" w="0" h="18" xoffs="1"/>
  <char code="1158" x="147" y="163" w="0" h="18" xoffs="1"/>
  <char code="1159" x="147" y="163" w="0" h="18" xoffs="1"/>
  <char code="1160" x="147" y="163" w="0" h="18" xoffs="1"/>
  <char code="1161" x="147" y="163" w="0" h="18" xoffs="1"/>
  <char code="1162" x="147" y="163" w="12" h="18" xoffs="1"/>
  <char code="1163" x="159" y="163" w="9" h="18" xoffs="1"/>
  <char code="1164" x="168" y="163" w="11" h="18" xoffs="1"/>
  <char code="1165" x="179" y="163" w="8" h="18" xoffs="1"/>
  <char code="1166" x="187" y="163" w="11" h="18" xoffs="1"/>
  <char code="1167" x="198" y="163" w="9" h="18" xoffs="1"/>
  <char code="1168" x="207" y="163" w="8" h="18" xoffs="1"/>
  <char code="1169" x="215" y="163" w="7" h="18" xoffs="1"/>
  <char code="1170" x="222" y="163" w="9" h="18" xoffs="1"/>
  <char code="1171" x="231" y="163" w="6" h="18" xoffs="1"/>
  <char code="1172" x="237" y="163" w="11" h="18" xoffs="1"/>
  <char code="1173" x="248" y="163" w="9" h="18" xoffs="1"/>
  <char code="1174" x="257" y="163" w="15" h="18" xoffs="1"/>
  <char code="1175" x="272" y="163" w="11" h="18" xoffs="1"/>
  <char code="1176" x="283" y="163" w="10" h="18" xoffs="1"/>
  <char code="1177" x="293" y="163" w="7" h="18" xoffs="1"/>
  <char code="1178" x="300" y="163" w="9" h="18" xoffs="1"/>
  <char code="1179" x="309" y="163" w="7" h="18" xoffs="1"/>
  <char code="1180" x="316" y="163" w="9" h="18" xoffs="1"/>
  <char code="1181" x="325" y="163" w="7" h="18" xoffs="1"/>
  <char code="1182" x="332" y="163" w="9" h="18" xoffs="1"/>
  <char code="1183" x="341" y="163" w="7" h="18" xoffs="1"/>
  <char code="1184" x="348" y="163" w="12" h="18" xoffs="1"/>
  <char code="1185" x="360" y="163" w="9" h="18" xoffs="1"/>
  <char code="1186" x="369" y="163" w="12" h="18" xoffs="1"/>
  <char code="1187" x="1" y="181" w="9" h="18" xoffs="1"/>
  <char code="1188" x="10" y="181" w="14" h="18" xoffs="1"/>
  <char code="1189" x="24" y="181" w="10" h="18" xoffs="1"/>
  <char code="1190" x="34" y="181" w="18" h="18" xoffs="1"/>
  <char code="1191" x="52" y="181" w="14" h="18" xoffs="1"/>
  <char code="1192" x="66" y="181" w="12" h="18" xoffs="1"/>
  <char code="1193" x="78" y="181" w="8" h="18" xoffs="1"/>
  <char code="1194" x="86" y="181" w="12" h="18" xoffs="1"/>
  <char code="1195" x="98" y="181" w="8" h="18" xoffs="1"/>
  <char code="1196" x="106" y="181" w="10" h="18" xoffs="1"/>
  <char code="1197" x="116" y="181" w="7" h="18" xoffs="1"/>
  <char code="1198" x="123" y="181" w="9" h="18" xoffs="1"/>
  <char code="1199" x="132" y="181" w="8" h="18" xoffs="1"/>
  <char code="1200" x="140" y="181" w="9" h="18" xoffs="1"/>
  <char code="1201" x="149" y="181" w="8" h="18" xoffs="1"/>
  <char code="1202" x="157" y="181" w="11" h="18" xoffs="1"/>
  <char code="1203" x="168" y="181" w="8" h="18" xoffs="1"/>
  <char code="1204" x="176" y="181" w="15" h="18" xoffs="1"/>
  <char code="1205" x="191" y="181" w="11" h="18" xoffs="1"/>
  <char code="1206" x="202" y="181" w="11" h="18" xoffs="1"/>
  <char code="1207" x="213" y="181" w="8" h="18" xoffs="1"/>
  <char code="1208" x="221" y="181" w="11" h="18" xoffs="1"/>
  <char code="1209" x="232" y="181" w="8" h="18" xoffs="1"/>
  <char code="1210" x="240" y="181" w="11" h="18" xoffs="1"/>
  <char code="1211" x="251" y="181" w="8" h="18" xoffs="1"/>
  <char code="1212" x="259" y="181" w="14" h="18" xoffs="1"/>
  <char code="1213" x="273" y="181" w="11" h="18" xoffs="1"/>
  <char code="1214" x="284" y="181" w="14" h="18" xoffs="1"/>
  <char code="1215" x="298" y="181" w="11" h="18" xoffs="1"/>
  <char code="1216" x="309" y="181" w="3" h="18" xoffs="1"/>
  <char code="1217" x="312" y="181" w="14" h="18" xoffs="1"/>
  <char code="1218" x="326" y="181" w="10" h="18" xoffs="1"/>
  <char code="1219" x="336" y="181" w="11" h="18" xoffs="1"/>
  <char code="1220" x="347" y="181" w="9" h="18" xoffs="1"/>
  <char code="1221" x="356" y="181" w="11" h="18" xoffs="1"/>
  <char code="1222" x="367" y="181" w="9" h="18" xoffs="1"/>
  <char code="1223" x="1" y="199" w="12" h="18" xoffs="1"/>
  <char code="1224" x="13" y="199" w="9" h="18" xoffs="1"/>
  <char code="1225" x="22" y="199" w="12" h="18" xoffs="1"/>
  <char code="1226" x="34" y="199" w="9" h="18" xoffs="1"/>
  <char code="1227" x="43" y="199" w="11" h="18" xoffs="1"/>
  <char code="1228" x="54" y="199" w="8" h="18" xoffs="1"/>
  <char code="1229" x="62" y="199" w="13" h="18" xoffs="1"/>
  <char code="1230" x="75" y="199" w="11" h="18" xoffs="1"/>
  <char code="1231" x="86" y="199" w="3" h="18" xoffs="1"/>
  <char code="1232" x="89" y="199" w="11" h="18" xoffs="1"/>
  <char code="1233" x="100" y="199" w="9" h="18" xoffs="1"/>
  <char code="1234" x="109" y="199" w="11" h="18" xoffs="1"/>
  <char code="1235" x="120" y="199" w="9" h="18" xoffs="1"/>
  <char code="1236" x="129" y="199" w="16" h="18" xoffs="1"/>
  <char code="1237" x="145" y="199" w="14" h="18" xoffs="1"/>
  <char code="1238" x="159" y="199" w="11" h="18" xoffs="1"/>
  <char code="1239" x="170" y="199" w="9" h="18" xoffs="1"/>
  <char code="1240" x="179" y="199" w="12" h="18" xoffs="1"/>
  <char code="1241" x="191" y="199" w="9" h="18" xoffs="1"/>
  <char code="1242" x="200" y="199" w="12" h="18" xoffs="1"/>
  <char code="1243" x="212" y="199" w="9" h="18" xoffs="1"/>
  <char code="1244" x="221" y="199" w="14" h="18" xoffs="1"/>
  <char code="1245" x="235" y="199" w="10" h="18" xoffs="1"/>
  <char code="1246" x="245" y="199" w="10" h="18" xoffs="1"/>
  <char code="1247" x="255" y="199" w="7" h="18" xoffs="1"/>
  <char code="1248" x="262" y="199" w="10" h="18" xoffs="1"/>
  <char code="1249" x="272" y="199" w="9" h="18" xoffs="1"/>
  <char code="1250" x="281" y="199" w="12" h="18" xoffs="1"/>
  <char code="1251" x="293" y="199" w="8" h="18" xoffs="1"/>
  <char code="1252" x="301" y="199" w="12" h="18" xoffs="1"/>
  <char code="1253" x="313" y="199" w="8" h="18" xoffs="1"/>
  <char code="1254" x="321" y="199" w="12" h="18" xoffs="1"/>
  <char code="1255" x="333" y="199" w="9" h="18" xoffs="1"/>
  <char code="1256" x="342" y="199" w="12" h="18" xoffs="1"/>
  <char code="1257" x="354" y="199" w="9" h="18" xoffs="1"/>
  <char code="1258" x="363" y="199" w="12" h="18" xoffs="1"/>
  <char code="1259" x="375" y="199" w="9" h="18" xoffs="1"/>
  <char code="1260" x="1" y="217" w="12" h="18" xoffs="1"/>
  <char code="1261" x="13" y="217" w="8" h="18" xoffs="1"/>
  <char code="1262" x="21" y="217" w="10" h="18" xoffs="1"/>
  <char code="1263" x="31" y="217" w="7" h="18" xoffs="1"/>
  <char code="1264" x="38" y="217" w="10" h="18" xoffs="1"/>
  <char code="1265" x="48" y="217" w="7" h="18" xoffs="1"/>
  <char code="1266" x="55" y="217" w="10" h="18" xoffs="1"/>
  <char code="1267" x="65" y="217" w="7" h="18" xoffs="1"/>
  <char code="1268" x="72" y="217" w="10" h="18" xoffs="1"/>
  <char code="1269" x="82" y="217" w="8" h="18" xoffs="1"/>
  <char code="1270" x="90" y="217" w="9" h="18" xoffs="1"/>
  <char code="1271" x="99" y="217" w="6" h="18" xoffs="1"/>
  <char code="1272" x="105" y="217" w="14" h="18" xoffs="1"/>
  <char code="1273" x="119" y="217" w="12" h="18" xoffs="1"/>
  <char code="1274" x="131" y="217" w="9" h="18" xoffs="1"/>
  <char code="1275" x="140" y="217" w="6" h="18" xoffs="1"/>
  <char code="1276" x="146" y="217" w="11" h="18" xoffs="1"/>
  <char code="1277" x="157" y="217" w="8" h="18" xoffs="1"/>
  <char code="1278" x="165" y="217" w="11" h="18" xoffs="1"/>
  <char code="1279" x="176" y="217" w="8" h="18" xoffs="1"/>
</SGL-BMF>
